StartDate,EndDate,Status,IPAddress,Progress,Duration (in seconds),Finished,RecordedDate,ResponseId,RecipientLastName,RecipientFirstName,RecipientEmail,ExternalReference,LocationLatitude,LocationLongitude,DistributionChannel,UserLanguage,Consent-1,Exit-I_Browser,Exit-I_Version,Exit-I_Operating System,Exit-I_Resolution,Enough-1,Enough-T-1_First Click,Enough-T-1_Last Click,Enough-T-1_Page Submit,Enough-T-1_Click Count,Enough-2,Enough-T-2_First Click,Enough-T-2_Last Click,Enough-T-2_Page Submit,Enough-T-2_Click Count,Relation-1,Relation-T-1_First Click,Relation-T-1_Last Click,Relation-T-1_Page Submit,Relation-T-1_Click Count,Relation-3,Relation-4,Relation-T-2_First Click,Relation-T-2_Last Click,Relation-T-2_Page Submit,Relation-T-2_Click Count,Relation-6,Relation-7,Relation-7_5_TEXT,Relation-8,Relation-T-3_First Click,Relation-T-3_Last Click,Relation-T-3_Page Submit,Relation-T-3_Click Count,PersonInS-1_1,PersonInS-1_2,PersonInS-1_3,PersonInS-1_4,PersonInS-1_5,PersonInS-T-1_First Click,PersonInS-T-1_Last Click,PersonInS-T-1_Page Submit,PersonInS-T-1_Click Count,PersonInS-2_1,PersonInS-2_2,PersonInS-2_3,PersonInS-2_4,PersonInS-2_5,PersonInS-T-2_First Click,PersonInS-T-2_Last Click,PersonInS-T-2_Page Submit,PersonInS-T-2_Click Count,PersonOutS-1_1,PersonOutS-1_2,PersonOutS-1_3,PersonOutS-1_4,PersonOutS-1_5,PersonOutS-T-1_First Click,PersonOutS-T-1_Last Click,PersonOutS-T-1_Page Submit,PersonOutS-T-1_Click Count,PersonOutS-2_1,PersonOutS-2_2,PersonOutS-2_3,PersonOutS-2_4,PersonOutS-2_5,PersonOutS-T-2_First Click,PersonOutS-T-2_Last Click,PersonOutS-T-2_Page Submit,PersonOutS-T-2_Click Count,PersonIdS-1_1,PersonIdS-1_2,PersonIdS-1_3,PersonIdS-1_4,PersonIdS-1_5,PersonIdS-T-1_First Click,PersonIdS-T-1_Last Click,PersonIdS-T-1_Page Submit,PersonIdS-T-1_Click Count,PersonIdS-2_1,PersonIdS-2_2,PersonIdS-2_3,PersonIdS-2_4,PersonIdS-2_5,PersonIdS-T-2_First Click,PersonIdS-T-2_Last Click,PersonIdS-T-2_Page Submit,PersonIdS-T-2_Click Count,SDTIn-1_1,SDTIn-1_2,SDTIn-1_3,SDTIn-1_4,SDTIn-1_5,SDTIn-1_6,SDTIn-T-1_First Click,SDTIn-T-1_Last Click,SDTIn-T-1_Page Submit,SDTIn-T-1_Click Count,SDTIn-2_1,SDTIn-2_2,SDTIn-2_3,SDTIn-2_4,SDTIn-2_5,SDTIn-2_6,SDTIn-T-2_First Click,SDTIn-T-2_Last Click,SDTIn-T-2_Page Submit,SDTIn-T-2_Click Count,SDTReal-1_1,SDTReal-1_2,SDTReal-1_3,SDTReal-1_4,SDTReal-1_5,SDTReal-1_6,SDTReal-T-1_First Click,SDTReal-T-1_Last Click,SDTReal-T-1_Page Submit,SDTReal-T-1_Click Count,SDTReal-2_1,SDTReal-2_2,SDTReal-2_3,SDTReal-2_4,SDTReal-2_5,SDTReal-2_6,SDTReal-T-2_First Click,SDTReal-T-2_Last Click,SDTReal-T-2_Page Submit,SDTReal-T-2_Click Count,SDTIdeal-1_1,SDTIdeal-1_2,SDTIdeal-1_3,SDTIdeal-1_4,SDTIdeal-1_5,SDTIdeal-1_6,SDTIdeal-T-1_First Click,SDTIdeal-T-1_Last Click,SDTIdeal-T-1_Page Submit,SDTIdeal-T-1_Click Count,SDTIdeal-2_1,SDTIdeal-2_2,SDTIdeal-2_3,SDTIdeal-2_4,SDTIdeal-2_5,SDTIdeal-2_6,SDTIdeal-T-2_First Click,SDTIdeal-T-2_Last Click,SDTIdeal-T-2_Page Submit,SDTIdeal-T-2_Click Count,PersonInF-1_1,PersonInF-1_2,PersonInF-1_3,PersonInF-1_4,PersonInF-1_5,PersonInF-T-1_First Click,PersonInF-T-1_Last Click,PersonInF-T-1_Page Submit,PersonInF-T-1_Click Count,PersonInF-2_1,PersonInF-2_2,PersonInF-2_3,PersonInF-2_4,PersonInF-2_5,PersonInF-T-2_First Click,PersonInF-T-2_Last Click,PersonInF-T-2_Page Submit,PersonInF-T-2_Click Count,PersonOutF-1_1,PersonOutF-1_2,PersonOutF-1_3,PersonOutF-1_4,PersonOutF-1_5,PersonOutF-T-1_First Click,PersonOutF-T-1_Last Click,PersonOutF-T-1_Page Submit,PersonOutF-T-1_Click Count,PersonOutF-2_1,PersonOutF-2_2,PersonOutF-2_3,PersonOutF-2_4,PersonOutF-2_5,PersonOutF-T-2_First Click,PersonOutF-T-2_Last Click,PersonOutF-T-2_Page Submit,PersonOutF-T-2_Click Count,GProfile-1,GProfile-2,GProfile-3_1,GProfile-4,GProfile-5,GProfile-T-1_First Click,GProfile-T-1_Last Click,GProfile-T-1_Page Submit,GProfile-T-1_Click Count,GProfile-6_0_GROUP,GProfile-6_0_1_RANK,GProfile-6_0_2_RANK,GProfile-6_0_3_RANK,GProfile-6_0_18_RANK,GProfile-6_0_19_RANK,GProfile-6_0_20_RANK,GProfile-6_0_21_RANK,GProfile-6_0_29_RANK,GProfile-7_1,GProfile-7_2,GProfile-7_3,GProfile-7_4,GProfile-7_5,GProfile-7_6,GProfile-8,GProfile-9,GProfile-T-2_First Click,GProfile-T-2_Last Click,GProfile-T-2_Page Submit,GProfile-T-2_Click Count,GProfile-10_2,GProfile-11_2,GProfile-T-3_First Click,GProfile-T-3_Last Click,GProfile-T-3_Page Submit,GProfile-T-3_Click Count,PersonSteS-1_1,PersonSteS-1_2,PersonSteS-1_3,PersonSteS-1_4,PersonSteS-1_5,PersonSteS-T-1_First Click,PersonSteS-T-1_Last Click,PersonSteS-T-1_Page Submit,PersonSteS-T-1_Click Count,PersonSteS-2_1,PersonSteS-2_2,PersonSteS-2_3,PersonSteS-2_4,PersonSteS-2_5,PersonSteS-T-2_First Click,PersonSteS-T-2_Last Click,PersonSteS-T-2_Page Submit,PersonSteS-T-2_Click Count,PrefS-1,PrefS-2,PrefS-3,PrefS-4,PrefS-5,PrefS-T-1_First Click,PrefS-T-1_Last Click,PrefS-T-1_Page Submit,PrefS-T-1_Click Count,PrefF-1,PrefF-2,PrefF-3,PrefF-4,PrefF-5,PrefF-T-1_First Click,PrefF-T-1_Last Click,PrefF-T-1_Page Submit,PrefF-T-1_Click Count,Demo-1,Demo-2,Demo-3,Demo-4,Demo-5,Demo-Feedback,Demo-T-1_First Click,Demo-T-1_Last Click,Demo-T-1_Page Submit,Demo-T-1_Click Count,self_first,MTurkCode
12/1/2017 14:32,12/1/2017 14:39,0,68.104.30.131,100,434,1,12/1/2017 14:39,R_10pCLTiQcXoUOk9,,,,,36.19790649,-115.2659988,anonymous,EN,1,MSIE,11,Windows NT 6.1,1366x768,1,3.721,3.721,5.312,1,runescape,1.907,1.907,5.947,1,picker,2.836,2.836,8.729,1,acdcstinger,2,2.241,11.625,12.913,3,anthony,2,,2,1.514,24.038,24.75,4,3,4,4,3,3,2.171,5.549,5.917,6,2,4,3,3,4,1.993,4.646,5.94,6,5,5,5,4,5,2.098,6.025,6.656,6,5,5,3,5,2,2.032,10.084,11.409,5,3,3,3,3,3,1.477,3.595,5.34,5,4,4,4,3,5,1.504,3.49,4.3,5,4,4,3,3,4,3,2.339,7.867,8.24,7,2,2,2,2,4,2,2.136,12.106,12.974,7,3,3,4,3,4,4,1.513,7.835,8.556,7,3,4,5,4,4,3,3.571,9.589,10.698,7,4,3,4,3,4,4,3.129,34.959,35.741,7,5,4,5,3,5,5,21.254,24.502,25.622,6,2,5,2,5,2,2.214,6.046,7.36,5,2,2,5,2,2,2.253,6.696,8.317,5,2,5,2,5,2,2.597,9.302,10.764,6,2,2,5,2,5,1.788,8.012,9.66,5,7,7,7,6,7,4.403,16.443,17.192,5,"1,18,20",1,,,2,,3,,,6,5,4,4,4,4,4,fun,18.456,40.816,44.097,10,4,4,4.097,5.696,6.298,3,5,4,5,5,4,2.891,5.405,6.756,6,3,4,3,3,5,1.324,5.158,6,7,2,2,2,7,4,2.284,13.542,14.557,8,6,6,6,5,6,1.617,9.118,10.282,9,1995,2,1,1,3,,0.889,11.453,13.887,5,0,4346129
12/1/2017 14:34,12/1/2017 14:42,0,173.244.48.49,100,478,1,12/1/2017 14:42,R_33pfCbTasneiMJt,,,,,34.05439758,-118.2440033,anonymous,EN,1,Chrome,62.0.3202.94,Windows NT 6.1,1920x1080,1,1.539,1.539,4.869,1,Final Fantasy XIV,0.924,0.924,22.909,1,Toot,0.98,0.98,5.435,1,Stoop,5,0.79,18.282,18.744,3,Jake,2,,5,0.659,10.71,11.1,6,6,6,5,3,5,1.105,7.788,8.367,9,2,4,2,3,3,1.671,8.673,9.016,12,2,5,4,6,3,0.965,9.157,9.704,14,6,3,5,4,2,0.871,5.789,6.324,10,6,3,5,1,6,0.595,7.304,7.992,11,4,6,2,7,2,3.842,9.797,11.5,12,7,5,6,2,6,4,0.381,17.68,18.076,24,3,4,4,3,4,3,0.789,42.182,42.593,12,5,5,4,4,5,3,0.516,2.818,3.049,8,3,3,4,5,5,4,0.384,2.471,3.494,7,7,1,6,1,4,2,0.691,14.111,16.077,19,7,4,6,1,6,1,1.284,20.427,20.856,18,5,2,5,5,6,0.53,4.431,5.126,11,5,5,5,5,4,0.404,2.75,3.697,8,4,4,5,4,3,0.38,2.365,2.611,7,4,3,5,4,4,0.382,1.727,2.259,6,7,5,4,5,6,2.132,17.143,17.783,11,"3,1,2",2,3,1,,,,,,6,7,7,7,7,5,2,I can do things in the game that I can't experience in real life. I get to improve skills and escape into another world.,16.452,56.123,56.842,10,5,5,1.663,2.301,4.501,3,1,3,1,7,3,1.444,4.795,5.713,6,7,2,7,2,4,1.628,9.742,10.324,9,3,4,4,6,4,0.379,6.37,6.659,11,4,3,5,7,5,0.524,8.143,8.632,11,1991,3,"1,4",2,6,Thanks for letting me be part of this survey. Please feel free to invite me (ID: A230GPTWWF3SE7) for any future surveys regarding video games. I've been playing them my whole life and have a lot of experience.,0.534,71.471,72.262,11,1,4788036
12/1/2017 14:55,12/1/2017 15:05,0,209.42.147.71,100,620,1,12/1/2017 15:05,R_2B3rqEKtG6DKkNU,,,,,43.62710571,-71.78130341,anonymous,EN,1,Chrome,62.0.3202.94,Windows NT 10.0,1920x1080,1,2.638,2.638,4.133,1,Eve-online,1.236,1.236,9.369,1,Sin,4.789,4.789,15.218,1,itchy,4,6.89,15.503,17.103,2,joe,2,,5,4.2,14.776,15.707,4,5,2,6,2,6,2.512,8.045,9.071,5,2,6,2,6,2,4.774,9.984,10.555,5,2,2,6,2,4,1.453,8.678,9.211,6,5,6,5,6,2,1.609,7.425,8.047,5,4,2,6,2,6,1.95,8.514,9.152,5,4,6,2,6,2,1.295,9.395,10.026,5,6,2,6,2,6,2,2.69,16.088,16.478,5,6,2,4,2,6,2,1.358,19.772,21.006,6,6,2,6,2,6,2,4.569,19.897,21.05,7,6,2,6,2,6,2,3.883,13.362,18.088,7,6,2,6,2,6,2,3.492,11.882,13.504,4,6,2,6,2,6,2,1.095,12.074,14.419,4,5,2,6,2,6,2.472,10.475,11.303,5,2,6,2,6,2,5.008,10.152,10.909,5,7,2,6,2,6,2.219,10.691,11.292,8,2,6,5,6,2,3.935,15.752,16.541,5,7,7,5,7,7,3.712,31.816,34.07,6,"3,18,20",,,1,2,,3,,,5,5,7,5,7,5,7,the challenge,22.622,48.645,61.563,8,1,1,9.205,12.726,13.727,2,6,5,3,2,6,5.552,10.926,11.558,5,3,4,6,3,2,2.936,16.362,17.055,5,4,2,4,7,4,4.289,22.059,23.582,5,6,2,6,7,6,3.047,14.265,15.35,5,1977,2,1,1,4,"i have multiple favorite games, eve is one of them but i like others for different reasons. eve has the best economy and feel of wide open space while something like battlefield has a better action pack gameplay.",1.128,15.985,83.04,7,0,6206633
12/1/2017 15:15,12/1/2017 15:26,0,98.146.205.201,100,688,1,12/1/2017 15:26,R_1EcgblyYaJUymn1,,,,,46.73219299,-117.2454987,anonymous,EN,1,Chrome,62.0.3202.94,Macintosh,1920x1080,1,3.341,3.341,4.375,1,Guild Wars 2,1.252,1.252,9.76,1,Dachronicus,0.86,0.86,10.267,1,Carey,4,1.375,22.647,23.473,3,Katie,2,,4,109.941,128.628,129.681,3,6,2,6,2,6,1.807,6.415,7.121,6,2,4,2,6,2,2.548,7.716,8.393,7,6,2,6,2,6,1.46,7.548,8.495,5,4,6,2,6,2,1.7,7.708,9.03,6,6,2,6,2,6,1.446,5.821,7.904,6,4,6,2,6,2,1.825,7.857,8.811,6,6,2,6,2,7,2,2.053,35.381,36.335,8,6,6,6,2,7,2,1.839,11.111,12.721,9,6,2,6,2,6,2,3.701,24.765,26.312,7,6,6,6,2,6,2,2.578,13.818,15.812,6,6,2,6,2,6,2,1.777,8.057,8.506,6,6,5,6,2,6,2,2.654,10.726,11.353,6,6,2,3,2,5,2.423,12.575,13.193,8,2,6,2,6,2,3.015,8.751,9.737,5,6,2,6,2,5,2.16,10.007,10.538,8,2,6,2,6,5,2.154,7.442,8.285,5,7,5,6,6,5,3.279,19.791,20.517,5,"3,18,1",3,,1,2,,,,,5,5,7,4,7,5,7,I get to play with friends and gain rewards in game,29.199,45.487,69.42,10,2,3,12.616,14.096,15.076,2,6,2,6,2,5,1.79,7.014,7.577,8,6,6,2,5,2,2.995,8.035,8.543,6,6,2,6,6,6,5.29,21.426,21.776,6,6,2,6,5,6,1.901,8.397,9.353,5,1992,5,3,1,4,,1.011,9.067,12.257,5,0,6888209
12/1/2017 17:11,12/1/2017 17:32,0,45.49.203.176,100,1244,1,12/1/2017 17:32,R_2wpBK3GJrENDI8M,,,,,34.1006012,-118.3274994,anonymous,EN,1,Chrome,62.0.3202.94,Windows NT 10.0,1920x1080,1,11.017,17.167,17.573,2,League of Legends,0.74,0.74,4.817,1,blue,0.988,0.988,6.57,1,crimson,3,5.622,10.964,11.567,3,cynthia,2,,4,0.84,11.045,11.558,3,2,2,6,3,6,2.963,9.577,10.353,9,6,5,2,5,3,85.561,92.733,93.3,7,1,1,6,5,6,1.582,4.573,5.26,5,7,7,5,6,5,0.89,9,9.563,10,3,2,7,2,7,2.288,7.948,8.172,8,3,7,2,6,3,1.615,10.929,11.519,9,6,2,5,5,6,3,3.472,16.018,16.645,10,6,2,6,2,6,2,5.295,19.254,19.536,9,2,6,2,6,2,6,609.69,627.745,627.991,9,2,6,2,6,2,6,1.995,16.033,16.405,8,6,3,6,2,2,2,28.88,52.539,53.076,16,6,6,6,2,6,6,4.033,13.89,14.354,7,7,2,6,2,6,1.965,6.864,7.4,6,2,6,2,6,3,35.189,44.009,44.43,7,6,2,6,2,6,1.512,4.969,5.33,6,2,6,2,6,5,9.665,15.845,16.812,6,7,7,6,7,7,1.417,13.298,14.122,6,"3,1,19",2,,1,,3,,,,7,7,7,7,7,6,7,It's very enjoyable and stimulating when there's nothing else to do,14.59,78.204,78.506,13,2,6,4.028,9.138,9.86,6,6,6,2,6,6,1.555,6.456,6.941,5,5,2,5,2,2,3.789,10.926,11.244,8,3,3,5,7,3,1.74,16.095,16.813,8,2,3,5,7,2,2.861,19.039,19.703,9,1993,5,4,1,3,,5.081,11.867,13.385,5,1,12448541
12/2/2017 19:01,12/2/2017 19:12,0,71.238.72.79,100,662,1,12/2/2017 19:12,R_wL5msxLw4LIVg09,,,,,45.55340576,-122.8191986,anonymous,EN,1,Chrome,62.0.3202.94,Windows NT 10.0,1920x1080,1,1.519,1.519,1.687,1,World of Warcraft,0,0,4.005,0,Rast07,0,0,5.761,0,Proteus9988,4,0,0,10.018,0,Jason,1,,5,8.562,9.131,9.396,2,7,1,6,1,7,0,0,4.45,0,2,7,1,7,1,0,0,5.227,0,7,1,5,1,7,0,0,5.796,0,1,7,2,6,1,0,0,6.216,0,7,1,7,1,7,0,0,4.433,0,1,7,1,7,1,0,0,4.042,0,7,1,7,1,6,1,0,0,12.265,0,5,1,7,1,7,1,0,0,10.868,0,7,1,7,1,7,1,0,0,8.543,0,7,1,7,1,7,1,0,0,65.026,0,7,1,7,1,7,1,0,0,7.064,0,7,1,7,1,7,1,0,0,7.039,0,7,1,6,1,6,0,0,30.242,0,1,6,1,7,1,0,0,10.598,0,6,1,5,1,7,0,0,4.91,0,1,6,1,7,2,0,0,4.923,0,7,7,7,6,6,0,0,12.016,0,"3,1,18",2,,1,3,,,,,7,7,7,5,5,6,7,It helps you exercise your mind. There's a lot of planning and problem solving. It makes an active mind out of one that might normally not be as active when watching a movie or TV&gt;,16.958,16.958,52.047,1,1,1,0,0,7.964,0,5,3,5,1,6,0,0,6.182,0,3,5,1,6,2,0,0,5.851,0,5,2,5,7,5,0,0,10.768,0,5,2,5,6,5,0,0,12.253,0,1984,3,1,1,3,,0,0,7.91,0,1,6626619
12/2/2017 19:20,12/2/2017 19:25,0,68.63.164.6,100,274,1,12/2/2017 19:25,R_vo83UjLNkYUZN8l,,,,,36.1157074,-83.93139648,anonymous,EN,1,Chrome,62.0.3202.94,Windows NT 10.0,1366x768,1,0,0,1.798,0,warcraft,0,0,7.004,0,jimmyneon,0,0,4.72,0,suave,4,0,0,5.821,0,patrick,2,,5,10.643,12.707,13.239,3,6,2,7,2,6,0,0,3.497,0,2,6,2,7,2,0,0,3.245,0,6,2,7,2,7,0,0,3.369,0,1,6,1,6,2,0,0,3.189,0,6,1,6,2,7,0,0,3.56,0,2,6,1,6,2,0,0,4.285,0,6,2,7,2,6,2,0,0,7.804,0,6,7,7,1,6,1,0,0,7.678,0,6,2,6,1,7,2,0,0,6.786,0,7,2,7,2,6,7,0,0,6.371,0,7,1,6,2,6,2,26.588,26.588,27.84,1,7,1,7,3,6,2,0,0,6.818,0,7,1,7,1,6,0,0,4.798,0,1,6,1,6,1,0,0,3.621,0,7,1,6,1,7,0,0,3.784,0,1,6,1,7,1,0,0,4.818,0,7,7,7,6,6,0,0,7.698,0,"1,2,18",1,2,,3,,,,,7,7,7,4,5,5,7,Its just fun and like a journey with friends,9.515,10.879,26.49,2,2,4,0,0,5.453,0,6,2,6,2,7,0,0,3.688,0,2,7,2,6,2,0,0,3.575,0,4,2,5,7,5,0,0,8.585,0,6,2,6,7,6,0,0,5.169,0,1985,3,1,1,4,no,5.432,10.205,11.046,6,0,2745703
12/2/2017 19:16,12/2/2017 19:32,0,97.83.88.158,100,946,1,12/2/2017 19:32,R_AmSsXJnN6uklQUF,,,,,45.25100708,-85.28070068,anonymous,EN,1,Chrome,62.0.3202.94,Windows NT 10.0,1920x1080,1,2.123,2.123,4.898,1,World of Warcraft,3.373,3.373,15.327,1,Hodgepaudge,4.393,4.393,17.85,1,KBcjay,5,6.483,28.583,30.677,2,KB,2,,5,4.735,35.343,36.235,3,7,1,7,1,7,2.529,7.864,9.257,5,1,7,1,7,1,1.839,91.219,92.21,5,7,1,7,1,7,2.379,11.12,12.187,5,1,7,1,7,1,2.7,7.172,8.832,5,7,1,7,1,7,1.594,6.715,12.134,8,1,7,1,7,1,36.486,45.826,47.375,6,7,1,7,1,7,1,4.425,15.497,16.613,6,7,1,7,1,7,1,3.317,24.213,25.971,6,7,1,7,1,7,1,2.943,19.842,21.315,6,6,1,7,1,7,1,3.587,18.542,19.738,10,7,1,7,1,7,1,2.444,13.124,14.967,6,7,1,7,1,7,1,2.634,37.197,38.731,7,7,1,4,2,7,4.989,11.213,12.411,5,1,5,1,7,1,2.943,9.048,10.243,5,7,5,5,5,7,2.417,12.397,15.144,5,6,3,5,2,5,3.04,12.34,13.523,5,7,4,6,4,5,3.689,18.624,19.868,5,"3,1,18",2,,1,3,,,,,5,7,7,5,5,6,7,"The best part really is the community, sure there are problem elements, but you have that almost everywhere.",35.223,51.287,106.188,8,1,1,6.068,11.3,14.052,3,4,4,4,4,4,3.041,9.68,11.192,6,4,4,4,4,4,2.078,4.238,5.455,5,6,1,6,6,6,3.506,12.342,13.427,5,6,1,6,6,7,5.199,20.686,21.694,5,1973,5,1,1,6,Interesting project.  Thanks!,1.627,17.715,32.493,6,0,9466739
12/2/2017 19:29,12/2/2017 19:38,0,67.85.253.188,100,535,1,12/2/2017 19:38,R_BMvr8uLigmBYPIZ,,,,,40.57670593,-73.98999786,anonymous,EN,1,Chrome,62.0.3202.94,Windows NT 10.0,1500x1000,1,1.655,1.655,5.001,1,World of Warcraft,0.957,0.957,10.066,1,Karitrim,1.895,1.895,10.081,1,Deadran ,2,0.959,12.354,18.205,3,Alex,"2,4",,5,1.631,16.4,19.251,4,7,2,6,1,7,0.621,6.651,8.517,9,1,4,1,7,1,2.707,8.327,8.922,9,2,2,5,5,5,1.001,6.62,7.324,7,5,5,2,7,5,0.517,9.244,9.918,9,7,1,7,1,7,0.86,4.889,5.696,6,2,7,1,7,1,1.686,6.33,6.91,8,7,1,3,4,5,3,0.809,14.574,15.03,15,6,2,4,1,6,2,0.967,14.135,14.777,15,3,5,6,1,3,5,1.456,20.734,21.221,16,2,6,6,2,3,5,6.166,22.883,26.355,17,7,1,7,7,7,1,1.367,8.837,9.459,11,7,1,7,1,7,1,0.694,11.212,12.093,11,6,2,6,1,7,0.71,7.564,8.034,10,2,4,2,5,2,1.363,8.041,9.28,9,5,5,6,1,7,1.287,6.95,8.711,10,1,4,3,5,3,0.552,10.833,11.628,13,7,6,3,5,4,6.695,21.342,22.845,5,"18,3,20",,,2,1,,3,,,5,4,6,5,6,7,6,The best benefits of playing benefits of playing video games are just the fact that its a form of escapism for me. I can get lost in a simulated world and forget about reality for a little while. It also helps me relieve stress and allows me to relax easily. ,20.25,111.721,117.045,22,7,7,5.628,8.525,10.099,2,6,2,5,1,5,1.319,9.721,10.789,10,3,4,1,6,2,0.679,9.437,10.065,12,7,2,6,7,7,1.593,10.932,11.266,7,5,3,5,6,5,2.625,14.003,14.601,6,1990,5,1,1,4,,1.166,27.22,32.972,6,1,5358783
12/2/2017 19:49,12/2/2017 19:55,0,98.5.41.247,100,380,1,12/2/2017 19:55,R_2BlmFecraaP5mDs,,,,,42.88540649,-78.75029755,anonymous,EN,1,Chrome,62.0.3202.94,Windows NT 6.1,1920x1080,1,2.264,2.264,4.222,1,WoW,1.053,1.053,4.309,1,Draver,1.694,1.694,6.256,1,Malik,4,1.565,6.327,7.133,2,Joe,2,,3,6.309,20.034,20.709,3,3,4,6,4,6,2.053,7.433,8.06,6,3,5,2,7,3,2.246,6.255,7.105,5,5,3,4,1,3,2.342,8.601,9.387,8,3,5,2,7,2,3.56,8.082,8.78,5,5,1,7,1,5,3.11,7.805,8.504,5,4,6,1,7,1,1.69,6.013,7.115,5,5,3,5,3,6,1,2.71,13.737,14.375,9,5,3,4,2,5,2,2.451,10.426,11.613,8,5,4,5,2,6,2,2.065,6.973,7.702,8,5,2,5,2,6,2,1.996,10.49,11.111,9,7,1,7,1,7,1,2.034,10.244,11.345,9,7,1,7,1,7,1,1.919,6.897,7.87,6,3,2,7,3,5,3.291,8.559,9.233,6,5,5,2,6,5,3.51,7.906,8.827,5,3,4,5,2,4,1.359,6.061,6.872,6,4,4,5,3,4,1.375,3.497,4.078,6,7,7,6,7,7,1.746,10.111,15.162,5,"3,20,2",,3,1,,,2,,,5,6,7,6,6,5,5,Relaxation and an escape from the real world.,14.685,34.24,45.679,13,6,6,5.63,7.509,8.452,2,2,6,3,5,2,3.053,8.793,9.679,5,5,3,4,3,5,3.582,10.73,11.341,5,7,1,6,7,7,1.584,10.814,11.616,6,7,1,6,7,6,1.595,6.954,8.694,7,1971,5,1,1,4,,14.474,22.204,24.192,5,1,3806993
12/2/2017 20:28,12/2/2017 20:37,0,71.60.31.235,100,526,1,12/2/2017 20:37,R_1mXgPhoz6ctL0RG,,,,,40.07260132,-80.55899811,anonymous,EN,1,Chrome,62.0.3202.94,Windows NT 10.0,1920x1080,1,1.337,1.337,5.491,1,League of Legends,1.127,1.127,6.771,1,Cody,0.635,0.635,2.236,1,Zio,5,1.154,7.958,9.396,4,Cody,1,,5,0.845,8.574,10.398,4,3,2,5,3,5,2.4,8.14,9.025,5,5,5,2,6,3,1.912,7.808,8.65,5,1,5,5,6,2,1.314,6.211,7.288,5,7,6,6,3,1,2.483,8.047,8.772,5,3,2,5,2,6,12.045,29.364,30.524,9,5,7,2,7,1,14.905,20.708,21.506,7,7,5,3,1,6,2,2.425,14.112,15.224,6,6,2,5,1,7,3,2.183,11.479,12.083,6,5,2,7,2,5,5,9.554,18.873,19.865,6,6,6,6,2,5,5,2.078,11.6,12.8,7,7,1,7,1,7,1,4.015,12.088,13.522,6,7,1,7,1,6,1,2.312,9.525,10.593,7,6,5,6,5,6,1.734,5.961,6.557,5,1,3,1,2,1,1.852,7.41,8.335,6,1,7,5,2,5,2.323,7.223,8.056,5,6,6,7,3,2,2.129,7.226,7.965,5,7,7,6,6,6,1.875,15.312,17.88,5,"3,2,19",,2,1,,3,,,,3,5,7,7,6,6,5,"If you're feeling stressed or displeased with your ""real life"" scenario, you can escape for a bit and just ""calm down"", ""recenter"" in a make-believe world. Hang out with your RL friends in an environment where you all are trying to have a good time. ",43.105,124.92,126.027,11,5,6,3.572,8.497,9.518,2,7,7,1,2,6,1.715,6.411,7.115,5,7,2,6,1,7,1.434,27.77,28.322,7,5,2,5,6,3,2.18,15.921,16.719,5,6,6,6,7,6,2.682,11.257,11.907,5,1988,3,1,2,3,,0.776,9.512,10.356,6,0,5267187
12/2/2017 20:35,12/2/2017 20:51,0,73.171.143.92,100,941,1,12/2/2017 20:51,R_3dKElfyDg6BRCe8,,,,,30.17959595,-81.51820374,anonymous,EN,1,Chrome,62.0.3202.94,Windows NT 6.1,1366x768,1,4.055,4.055,12.033,1,World of Warcraft,1.948,1.948,8.793,1,Greenling,2.215,2.215,6.661,1,Ripnrawr,2,1.709,22.829,23.993,2,Shane,2,,3,3.131,14.24,15.241,3,3,1,6,5,6,2.404,9.134,10.61,5,6,5,3,6,3,2.248,11.775,12.396,6,3,4,6,2,6,4.695,12.613,14.497,5,5,4,4,6,2,2.655,11.077,12.365,5,5,1,6,1,6,2.314,9.621,10.367,5,4,6,1,6,2,2.532,12.348,13.19,5,6,3,6,4,6,3,9.541,26.367,27.157,7,6,5,6,4,6,4,6.438,44.744,45.593,7,6,5,6,3,6,4,10.117,22.97,23.683,7,5,6,6,2,6,4,4.594,208.681,209.412,7,6,2,6,4,6,4,10.607,33.088,33.851,7,6,2,6,2,6,2,11.545,30.068,31.758,7,6,6,2,1,6,16.167,25.989,27.07,6,1,4,5,1,4,3.198,11.381,12.52,6,6,6,2,4,6,2.683,10.571,11.749,6,2,4,5,1,3,2.587,15.056,15.423,6,7,7,5,7,7,2.302,27.962,36.225,6,"3,20,18",,,1,3,,2,,,5,7,7,5,7,5,3,A main benefit I get from playing video games is keeping my problem solving skills sharp.,18.038,38.801,89.176,8,2,2,4.794,11.615,13.283,3,2,4,3,4,4,4.607,12.777,13.425,5,6,4,6,4,1,3.699,10.047,10.927,5,7,1,7,7,7,2.145,31.536,32.657,5,5,6,4,5,3,2.571,25.198,25.839,7,1988,5,1,2,2,,1.247,8.74,11.734,5,1,9419413
12/2/2017 21:04,12/2/2017 21:14,0,69.176.13.134,100,600,1,12/2/2017 21:14,R_1FstG0lwmApiCsl,,,,,37.41960144,-82.63379669,anonymous,EN,1,Chrome,62.0.3202.94,Windows NT 10.0,1920x1080,1,2.451,2.451,4.742,1,warcraft,3.943,9.705,15.761,3,Kang Yuan,7.497,62.842,65.546,11,Cheng Taing,3,12.279,16.747,17.957,2,chris,3,,4,2.584,11.25,12.126,3,6,6,7,5,5,2.227,8.091,8.978,5,2,1,1,7,3,2.132,11.047,11.672,7,1,5,7,2,6,1.955,9.237,9.953,5,7,2,1,7,7,2.018,7.765,9.408,5,7,1,7,1,7,2.683,7.933,9.101,6,1,7,1,7,3,1.814,7.797,9.507,5,5,5,5,3,5,2,7.275,23.046,23.843,6,5,5,4,4,5,4,6.685,23.223,23.84,7,5,5,5,4,5,2,1.709,14.77,15.704,6,5,5,5,4,5,4,1.903,15.354,16.383,6,5,1,5,5,5,1,7.564,19.117,19.943,6,5,3,6,1,7,1,1.667,27.374,28.19,13,7,7,7,7,7,1.222,5.596,6.375,5,1,1,2,1,2,2.183,7.37,8.256,5,5,7,5,7,4,1.891,8.4,9.766,5,1,3,2,2,4,2.546,11.047,11.916,5,7,4,5,4,4,16.657,31.426,32.442,6,"1,3,19",1,,2,,3,,,,6,6,6,7,7,4,6,"time killer. just fun, makes me feel young.",24.108,39.206,64.565,16,6,7,5.063,11.465,12.245,2,7,7,1,7,5,3.187,8.817,9.787,5,1,1,1,1,4,2.369,6.565,7.69,5,6,1,6,7,6,4.818,17.508,18.381,7,5,3,4,6,5,2.403,17.498,18.336,12,1979,2,1,1,6,,0.934,9.114,11.101,5,0,6007769
12/2/2017 21:42,12/2/2017 21:55,0,98.176.238.152,100,819,1,12/2/2017 21:55,R_2P4EQPspZUiF8Wk,,,,,32.61019897,-117.0296021,anonymous,EN,1,Chrome,62.0.3202.94,Windows NT 10.0,1920x1080,1,0.696,0.696,7.864,1,World of Warcraft,0.475,0.68,4.617,2,Yezir,0.402,0.402,6.32,1,Frantick,4,0.674,20.362,27.43,14,Chris,2,,5,0.46,4.771,284.835,4,4,1,7,1,7,40.284,44.04,44.318,9,4,7,1,7,1,0.694,4.978,5.328,8,3,1,7,1,7,2.78,8.333,10.904,10,6,7,1,7,3,0.949,5.168,5.65,8,4,1,7,1,7,1.605,5.068,5.345,7,1,7,1,7,1,1.084,6.398,7.22,8,7,7,7,1,7,1,2.845,11.888,24.114,6,7,1,7,1,7,1,0.645,0.645,8.873,1,7,1,7,1,7,1,1.301,2.926,7.641,4,7,1,7,1,7,1,1.283,52.124,57.498,3,7,1,7,1,7,1,0.766,6.023,6.444,2,7,1,7,1,7,1,1.188,1.516,6.256,2,7,1,7,1,7,1.181,3.704,3.897,6,1,7,1,7,1,57.26,57.26,61.22,1,7,1,7,1,7,1.091,1.971,6.4,2,1,7,1,7,1,0,0,3.928,0,7,6,6,6,7,1.769,15.139,15.595,16,"3,1,18",2,,1,3,,,,,7,7,7,7,7,7,7,Competing with friends,7.737,10.912,20.337,15,4,4,1.781,3.469,4.749,3,4,4,4,4,4,1.158,3.922,4.599,8,4,4,4,4,4,0.574,3.733,4.272,15,7,1,7,7,7,1.277,4.51,5.092,6,7,1,7,7,5,1.608,11.891,12.246,10,1990,5,4,1,9,None,0.373,9.848,10.205,10,1,8195160
12/2/2017 21:51,12/2/2017 22:00,0,68.118.237.63,100,484,1,12/2/2017 22:00,R_12a0begDCdxJupV,,,,,42.2440033,-71.99230194,anonymous,EN,1,Chrome,62.0.3202.94,Windows NT 10.0,1920x1080,1,6.297,6.297,7.648,1,world of warcraft,2.641,2.641,9.413,1,vindicated,1.263,1.263,7.541,1,truffy,4,6.848,11.587,12.194,2,isaac,2,,5,4.435,14.268,18.818,4,2,1,5,2,7,10.484,15.351,15.983,5,5,6,1,6,4,12.745,16.492,17.2,5,2,2,4,3,6,5.836,11.627,12.244,5,5,6,2,5,6,4.364,8.688,9.267,5,3,3,7,2,7,6.836,11.854,12.529,5,5,6,1,7,4,3.305,7.071,7.724,5,6,2,5,2,7,2,6.333,19.267,20.024,6,6,6,1,2,7,1,6.384,16.217,17.206,6,6,4,6,5,6,3,7.629,15.06,15.869,7,3,5,5,2,6,4,1.979,13.421,14.05,8,6,3,5,3,6,2,3.254,18.623,19.503,8,6,2,6,2,6,1,2.672,16.75,18.174,6,5,2,6,3,6,3.627,8.885,9.542,5,3,2,1,5,2,3.985,10.405,10.988,5,6,1,5,2,6,3.452,8.631,9.205,6,4,6,3,6,3,2.745,9.554,10.387,6,7,7,7,7,7,1.838,9.198,9.841,5,"3,18,2",,3,1,2,,,,,7,7,7,3,4,5,6,do something fun and have a good time with friends.,22.135,34.13,44.386,8,1,1,4.133,7.426,8.34,2,1,6,2,6,2,4.466,8.45,9.125,5,6,2,6,2,4,2.194,7.498,8.038,6,7,1,6,7,7,2.513,14.211,14.528,6,6,2,6,7,6,3.462,14.01,14.62,5,1981,3,1,2,2,,0.994,8.582,9.953,5,0,4848755
12/3/2017 0:08,12/3/2017 0:18,0,76.175.146.7,100,613,1,12/3/2017 0:18,R_x5iLGnjp2Gn2J6p,,,,,33.95820618,-118.3614044,anonymous,EN,1,Chrome,62.0.3202.94,Windows NT 10.0,1366x768,1,1.801,1.801,3.319,1,League ,10.558,26.784,28.953,4,LilPup,2.188,2.188,8.813,1,MasterBlaster,4,4.404,10.906,11.956,2,Eric ,"2,3",,4,1.697,12.492,13.366,4,6,6,6,2,6,1.212,4.563,5.416,5,2,5,2,2,2,1.529,7.534,7.889,6,6,2,6,2,6,2.03,5.915,7.414,6,3,6,2,6,2,1.165,11.9,12.906,7,6,2,6,2,6,2.486,6.195,7.212,5,5,6,2,6,2,1.744,6.488,7.168,5,6,3,6,3,6,3,2.657,8.561,9.618,6,6,6,7,6,6,2,2.746,8.79,9.703,7,5,5,5,2,5,2,2.67,15.367,16.6,6,6,6,6,6,6,2,3.463,8.746,9.628,7,6,3,5,3,6,3,1.751,7.312,8.817,6,6,6,6,6,2,2,1.415,10.419,11.309,7,6,5,3,2,5,1.488,7.253,7.776,7,2,7,5,5,2,8.516,15.282,15.959,7,6,5,2,2,6,1.757,7.872,8.617,8,3,7,6,5,3,3.497,7.651,8.603,5,7,5,5,5,4,3.429,15.053,15.925,6,"2,20,1",3,1,,,,2,,,6,6,6,6,6,6,6,Helps me escape and do things I can't really do in the real-world. Like have super powers ,11.88,18.647,43.464,8,4,4,16.012,17.026,18.054,2,2,6,2,6,3,9.646,13.721,14.694,5,5,4,4,5,3,1.914,7.106,7.988,5,5,2,5,6,6,2.746,50.947,52.086,6,6,2,6,7,5,2.496,12.983,13.845,5,1996,3,2,2,1,Thank you for the survey. I meant to put League of Legends ,1.184,10.293,27.143,8,0,6139968
12/3/2017 0:11,12/3/2017 0:20,0,72.199.252.127,100,595,1,12/3/2017 0:20,R_2aLe2tviktepCm0,,,,,32.81269836,-117.0332947,anonymous,EN,1,Firefox,57,Windows NT 10.0,1920x1080,1,1.429,1.429,15.151,1,World of Warcraft,1.751,1.751,13.494,1,Sayin,1.667,1.667,7.979,1,Tolken,2,2.041,7.845,20.119,3,Jake,2,,4,2.716,18.227,18.97,3,5,2,4,2,5,1.932,9.377,10.249,6,4,5,5,5,3,4.015,10.765,16.577,8,3,2,4,2,4,2.649,9.679,11.628,6,5,5,5,5,5,37.335,41.967,42.952,5,6,2,5,2,6,2.2,7.907,8.982,7,5,6,3,5,3,2.422,8.699,10.061,6,6,2,5,3,5,2,2.801,18.424,20.403,6,6,2,5,3,5,2,2.294,16.844,17.659,7,6,3,5,3,5,3,3.628,15.894,20.486,8,6,3,5,4,5,4,6.122,16.924,19.878,12,6,2,6,2,6,2,3.565,18.3,18.983,6,5,2,6,2,6,2,1.895,17.729,18.343,8,6,2,5,3,6,1.431,9.434,10.448,6,2,5,3,5,3,2.214,11.351,12.211,8,6,2,4,2,5,2.717,11.959,12.66,6,3,5,3,4,3,4.189,10.551,11.386,5,7,5,6,6,5,2.426,17.879,18.703,7,"3,1,18",2,,1,3,,,,,6,6,6,5,5,4,6,That I get to have fun and relax with friends IRL or online.,16.519,34.098,52.999,9,2,2,6.831,10.977,12.198,4,3,5,3,4,4,4.507,13.164,13.905,5,3,4,6,2,3,2.429,9.334,10.933,6,4,2,4,7,4,2.595,23.513,24.844,11,4,4,3,6,4,4.254,21.901,23.125,8,1983,3,6,1,1,,5.441,14.1,15.368,7,1,5959453
12/3/2017 0:49,12/3/2017 0:53,0,184.170.76.155,100,262,1,12/3/2017 0:53,R_3IT2r55VfmWbi1D,,,,,37.10350037,-80.42070007,anonymous,EN,1,Chrome,62.0.3202.94,Windows NT 10.0,2560x1440,1,0,0,1.278,0,World of Warcraft,0,0,5.407,0,Healbotmoo,0,0,5.753,0,Sinoth,5,0,0,3.569,0,Justin,2,,5,0,0,8.077,0,7,3,7,1,7,0,0,5.778,0,5,7,1,7,6,0,0,5.908,0,5,1,7,1,7,0,0,5.04,0,3,7,3,7,1,0,0,5.885,0,6,1,7,1,7,0,0,4.245,0,5,7,1,7,1,0,0,5.151,0,7,1,7,1,7,1,0,0,6.932,0,7,1,7,1,7,1,0,0,5.33,0,7,1,7,1,7,1,0,0,5.215,0,7,1,7,1,7,1,0,0,5.291,0,7,1,7,1,7,1,0,0,7.007,0,7,1,7,1,7,1,0,0,3.928,0,5,6,7,1,1,0,0,6.063,0,3,6,1,6,5,0,0,5.889,0,3,5,7,1,3,0,0,6.265,0,5,5,1,7,3,0,0,7.349,0,7,7,7,7,6,0,0,10.139,0,"3,20,18",,,1,3,,2,,,7,7,7,7,7,6,7,"Being able to relax by using my mind to think about something else instead of my daily stressors, as opposed to simply ""turning off"" my brain to take in passive content like TV/music/books.",13.452,13.452,47.133,1,1,6,0,0,6.153,0,1,5,3,6,1,0,0,4.779,0,5,1,7,2,6,0,0,4.476,0,5,1,5,7,5,0,0,8.255,0,1,1,2,7,3,0,0,7.191,0,1990,3,1,1,3,N/A,0,0,9.395,0,0,2629252
12/3/2017 1:02,12/3/2017 1:17,0,68.59.67.243,100,905,1,12/3/2017 1:17,R_3D2q1BQbU8QRZIQ,,,,,31.15029907,-85.41139984,anonymous,EN,1,Chrome,62.0.3202.94,Windows NT 10.0,1366x768,1,4.292,4.292,5.823,1,World of Warcraft,2.418,2.418,11.988,1,Juto,2.215,2.215,8.178,1,Libby,5,3.012,34.868,35.825,3,Angelina,2,,5,3.83,16.451,17.436,4,7,6,7,5,7,2.41,10.746,11.971,6,2,5,3,6,1,3.47,19.209,21.342,5,2,7,7,3,7,5.055,11.998,13.626,5,7,7,5,7,2,2.67,10.179,11.037,9,6,2,7,1,6,2.295,9.243,10.964,6,2,7,1,7,1,3.007,11.662,13.116,5,6,1,5,1,7,2,22.595,101.734,102.729,6,7,1,7,1,7,5,2.874,17.696,18.921,7,7,5,7,1,3,5,3.097,24.716,25.529,9,3,6,5,1,7,5,5.183,19.166,20.903,6,7,1,7,1,7,1,5.329,22.016,22.861,7,7,1,7,1,7,1,3.117,23.169,24.157,7,7,5,7,1,7,2.239,10.426,11.477,5,1,7,1,7,1,3.212,29.997,36.24,6,7,1,7,6,7,2.833,12.29,17.726,5,6,6,1,2,5,10.378,20.314,21.724,6,7,7,7,7,7,3.201,65.53,68.557,6,"3,1,18",2,,1,3,,,,,7,7,7,3,7,7,7,"Besides going into a new world, being able to meet different people with the same passion as you. I also get to read or well feel the story line when playing the game. There lot's of achievements I like getting in video games so it provides me a sense of ambition. I get to be myself and no one would judge me even when I'm playing alone or whatnot.",28.595,169.05,186.345,12,1,6,6.303,12.293,14.083,2,5,7,1,5,2,5.095,11.527,12.448,6,6,1,7,1,7,1.975,9.236,10.089,5,5,3,5,7,5,1.689,23.123,24.176,7,3,3,5,6,3,3.463,26.331,27.574,6,1983,4,4,1,6,,1.096,9.712,12.935,5,1,9057073
12/3/2017 2:49,12/3/2017 3:00,0,47.201.205.31,100,656,1,12/3/2017 3:00,R_3PFZjGCCWKv2lms,,,,,28.37750244,-82.50050354,anonymous,EN,1,Chrome,62.0.3202.94,Windows NT 10.0,2560x1080,1,25.493,25.493,29.411,1,Final Fantasy XIV,1.153,1.153,10.804,1,Tkill Kingg,1.662,8.98,38.458,2,Stephan Vormund,5,1.349,20.011,20.61,3,Stephen,2,,4,0.73,21.372,22.032,3,6,5,7,2,7,1.528,7.611,8.2,8,1,6,1,6,1,2.756,7.404,8.087,5,2,3,5,3,6,1.547,10.837,12.699,14,6,4,3,4,3,2.444,7.122,8.514,9,5,1,7,1,7,1.502,6.196,6.745,5,3,6,1,7,1,1.224,6.14,6.923,7,7,1,7,1,7,1,1.998,13.23,13.826,6,7,1,7,1,7,1,2.846,12.778,13.41,6,4,5,5,5,3,5,72.053,79.328,80.656,21,4,5,4,4,3,5,0.662,7.47,8.036,13,7,1,7,1,7,1,110.444,118.243,119.333,6,7,1,7,1,7,1,4.517,11.118,11.691,6,5,5,5,6,5,0.394,4.671,5.398,22,3,5,5,3,5,0.329,5.933,7.905,10,5,6,3,6,5,1.418,8.37,9.185,7,2,3,5,2,5,1.308,7.205,7.75,6,7,7,7,7,7,1.507,6.367,8.323,5,"3,2,18",,2,1,3,,,,,6,5,7,4,6,5,7,Specifically online games it offers a chance to socialize with people you might not get a chance to otherwise,16.044,33.923,55.693,17,1,7,1.197,9.376,10.392,3,4,5,3,5,4,1.543,5.503,7.861,14,4,3,5,3,5,0.612,5.631,7.363,12,7,1,7,7,7,4.947,12.311,12.891,6,5,2,6,7,6,2.463,20.733,21.6,8,1986,2,1,1,6,,0.557,8.813,10.509,5,1,6567346
12/3/2017 2:58,12/3/2017 3:07,0,75.140.76.248,100,562,1,12/3/2017 3:07,R_1HiYyP0yfw667RD,,,,,33.99389648,-118.1450043,anonymous,EN,1,Chrome,62.0.3202.94,Windows NT 6.1,1080x1920,1,9.209,9.209,13.516,1,Destiny 2,0.782,0.782,7.675,1,Skeeter,0.744,0.744,3.768,1,Glint,4,0.802,5.103,5.695,2,Kevin,2,,4,5.568,12.638,13.425,3,7,1,4,2,5,1.306,3.301,4.115,6,3,7,5,4,5,0.382,2.054,2.82,5,7,7,6,4,6,0.481,2.317,3.131,6,4,7,6,4,6,0.354,3.326,3.587,7,4,4,1,2,5,0.488,3.286,3.769,7,5,3,6,7,5,0.305,2.371,3.128,5,4,6,6,4,3,5,0.606,3.322,4.668,7,5,6,6,5,4,7,0.427,1.833,3.197,6,4,4,6,3,4,5,1.285,3.415,4.918,6,4,4,4,5,6,5,69.224,71.221,71.688,6,4,3,5,6,7,4,0.746,3.097,5.225,7,7,6,7,4,5,5,23.101,25.259,25.715,6,3,4,4,2,3,6.184,34.068,35.134,7,4,1,2,6,2,50.296,53.884,54.286,6,5,2,6,1,2,1.246,4.226,4.792,5,6,5,2,4,1,1.094,6.089,6.29,7,7,6,5,5,6,2.274,7.338,9.291,6,"3,1,19",2,,1,,3,,,,7,7,6,3,6,2,6,"Communicating with friends, or people you meet online.",9.988,19.636,31.223,10,2,2,1.238,4.131,4.916,3,7,6,6,5,4,1.24,2.932,3.519,5,4,5,5,7,6,0.42,2.417,2.685,7,2,4,3,5,6,1.391,3.266,4.112,6,5,6,6,4,6,2.014,3.993,4.647,5,1994,5,4,1,5,N/A,0.578,7.242,9.566,6,0,5625385
12/3/2017 10:15,12/3/2017 10:31,0,69.29.251.235,100,949,1,12/3/2017 10:31,R_1oopyTMBrEXjz6c,,,,,44.16140747,-89.01979828,anonymous,EN,1,Chrome,62.0.3202.75,Linux x86_64,1600x900,1,11.21,11.21,13.589,1,WarSpear Online,1.865,1.865,13.653,1,BlueColor,4.54,4.54,40.919,1,Casper,3,2.282,18.468,19.59,2,Nick,1,,5,9.187,51.236,52.705,3,6,1,7,1,5,4.18,11.011,14.047,5,4,6,2,6,5,4.433,12.554,13.642,5,2,3,6,2,4,5.103,13.19,14.357,5,6,6,2,6,4,2.897,9.195,10.189,5,5,1,7,1,6,4.397,12.101,13.625,6,6,7,1,7,3,4.961,10.749,12.078,5,4,5,5,2,6,4,5.866,22.664,23.605,6,4,6,6,2,5,5,6.382,18.428,19.29,6,5,2,6,1,6,3,24.154,43.273,44.383,6,5,2,6,1,6,2,3.14,25.334,26.398,6,6,1,7,1,7,1,3.841,14.576,16.055,7,7,1,7,1,7,1,2.489,13.882,15.501,6,7,1,6,1,6,3.382,8.313,9.704,5,1,6,2,6,1,2.609,9.097,10.271,5,5,1,3,6,3,5.017,15.408,17.099,5,3,6,5,4,5,4.194,14.05,15.002,5,7,3,2,3,5,4.104,31.34,32.806,5,"3,18,19",,,1,2,3,,,,5,6,6,7,6,6,7,"For me and This game - WarSpear, it was a way for me to spend time with and ""play"" with my stepson that I only see in real life once in a while. I also like the guild, over the years we have made some good friends, and even lost one in real life. We talk about our lives and give each other encouragement when needed. It has been much fun also, A good escape from the everyday world if that is what you want.",25.629,227.599,272.467,15,2,2,10.241,15.113,16.136,2,3,6,2,5,3,6.022,12.266,13.015,5,6,3,6,3,6,10.431,17.958,18.878,5,6,1,6,6,6,2.949,14.284,15.19,5,5,1,5,6,6,4.746,27.468,28.425,5,1965,4,1,1,2,none. thanks.,0.942,13.042,21.071,6,1,9498965
12/3/2017 10:28,12/3/2017 10:42,0,162.244.81.174,100,820,1,12/3/2017 10:42,R_3R3lSzphErvac4G,,,,,44.43330383,26.1000061,anonymous,EN,1,Chrome,62.0.3202.94,Windows NT 6.1,1366x768,1,0.984,0.984,2.501,1,league of legends ,1.714,20.563,22.144,7,Xamer ,6.347,12.147,12.583,2,matre,4,0.613,7.492,8.316,3,papu,"2,4",,4,1.429,9.069,9.345,7,6,6,6,6,6,6.046,7.181,8.979,7,6,6,3,6,6,5.323,9.275,9.841,9,6,6,6,2,6,1.175,4.52,5.149,8,6,6,6,6,2,1.346,3.954,4.272,9,5,5,6,6,6,3.052,4.814,5.816,6,5,5,5,6,6,3.389,5.638,6.101,6,4,4,4,4,4,4,3.718,6.294,7.015,7,4,4,4,4,4,4,9.685,12.837,13.345,11,3,4,3,4,4,4,18.144,21.503,21.771,7,5,6,4,4,5,6,1.997,5.797,6.227,8,4,4,4,4,4,4,0.543,3.455,4.052,8,4,4,4,4,4,4,13.615,16.519,17.666,8,4,4,4,4,4,0.829,2.651,2.846,8,4,4,4,4,4,1.839,4.63,5.103,9,4,4,4,4,4,34.74,37.5,37.728,7,4,4,4,4,4,2.36,5.642,5.929,9,6,4,5,5,5,1.783,5.76,7.18,7,"3,1,19",2,,1,,3,,,,7,5,6,6,5,6,4,,3.038,74.187,74.191,21,6,6,0.635,1.891,2.421,4,4,5,5,4,4,0.732,4.068,4.96,5,4,4,4,4,4,0.797,1.99,2.703,5,6,6,6,5,5,17.009,41.64,42.544,6,5,5,6,6,5,0.368,61.917,62.357,8,1987,5,1,1,5,,2.201,11.304,11.795,7,1,8208166
12/3/2017 10:30,12/3/2017 10:42,0,70.231.32.139,100,708,1,12/3/2017 10:42,R_vYSs8AuktLxAhbz,,,,,35.95930481,-86.54199982,anonymous,EN,1,Chrome,62.0.3202.94,Windows NT 10.0,1600x900,1,5.972,5.972,8.159,1,battlehorn,26.431,26.431,29.747,1,jumpstart,13.9,13.9,19.11,1,UncleLee,2,6.988,40.33,41.184,3,Thomas,2,,3,6.742,16.744,17.787,3,7,2,7,2,6,0.927,4.162,5.461,5,4,4,5,3,5,4.051,6.562,7.766,5,7,7,7,6,6,0.954,4.46,4.988,6,5,5,6,5,6,1.854,3.773,4.54,5,5,1,6,1,6,2.71,7.582,9.017,7,7,7,4,7,6,4.148,8.112,9.078,5,5,6,5,7,4,5,1.334,6.038,7.689,7,6,7,6,5,6,6,2.269,5.601,7.112,6,6,4,5,5,5,6,43.135,46.534,48.117,6,6,5,6,5,6,5,1.95,4.762,6.021,6,7,6,5,6,6,5,1.689,5.709,6.361,6,7,6,6,6,6,7,0.882,3.238,4.529,6,4,3,6,2,4,4.946,9.673,10.216,5,2,4,2,5,3,3.413,8.34,9.009,5,6,1,5,1,6,199.397,204.988,205.822,5,4,6,3,6,4,2.45,8.761,9.371,5,3,5,6,6,3,4.854,12.297,13.17,5,"1,20,19",1,,,,3,2,,,6,6,7,7,6,7,6,Excitement and it allows me to connect to people that I wouldn't normally get to talk to across the world. ,17.576,46.915,55.014,11,5,3,1.768,4.516,5.316,3,5,6,2,6,6,3.165,28.669,29.809,5,2,2,3,2,3,4.459,8.631,9.676,5,3,5,5,3,3,2.678,14.576,15.58,6,3,3,5,3,5,6.122,14.013,15.133,5,1975,4,2,2,6,,1.41,9.809,11.432,5,0,7085109
12/3/2017 10:24,12/3/2017 10:49,0,97.119.175.197,100,1503,1,12/3/2017 10:49,R_2feufX8kmIWnb0T,,,,,39.93760681,-77.66110229,anonymous,EN,1,Chrome,62.0.3202.94,Windows NT 6.1,1280x1024,1,115.014,115.014,116.085,1,wOw,6.09,16.113,27.218,3,KillerD,4.762,4.762,33.719,1,Sheba,4,2.312,18.456,20.181,2,Tina,2,,5,1.842,26.738,28.025,3,2,3,6,4,3,48.919,58.902,59.769,7,2,5,2,5,3,17.341,36.669,39.409,7,3,2,4,4,3,3.783,15.08,15.785,6,6,6,5,5,2,3.519,14.887,15.86,6,7,1,7,1,7,2.451,10.355,11.467,5,1,7,1,7,1,2.332,18.804,20.04,6,7,2,6,2,7,1,6.197,107.892,108.875,9,7,2,6,1,7,3,70.787,96.075,96.97,7,4,6,5,3,4,5,4.024,32.8,33.569,9,3,6,4,5,3,4,6.846,24.199,26.205,6,6,1,6,1,7,1,4.606,23.925,26.116,9,7,1,7,1,7,2,4.155,135.187,136.406,7,6,5,5,4,7,2.59,22.021,23.859,6,2,6,3,4,3,2.49,13.33,14.841,7,5,2,5,3,6,3.549,15.383,16.379,7,3,5,3,4,3,6.393,21.721,22.746,6,7,7,6,7,7,3.424,23.953,30.919,5,"1,2,19",1,2,,,3,,,,5,5,7,3,7,5,6,I think the best part of playing video games is the feeling of emergence in the game. It becomes real. Important. Most games can do this for me. Even bad games -because its all about being emotionally involved.,1.47,64.273,205.629,10,2,7,14.318,20.318,22.274,2,1,5,2,6,1,6.973,17.269,18.211,5,7,3,5,3,3,3.881,13.568,14.582,6,4,2,5,5,5,3.752,27.295,28.036,7,6,6,6,6,7,4.999,27.254,28.379,7,1974,2,1,1,4,,2.018,33.186,33.984,9,0,15035010
12/3/2017 10:54,12/3/2017 11:17,0,64.253.11.97,100,1367,1,12/3/2017 11:17,R_qVeMMHSK5unZf8J,,,,,32.09570313,-81.25309753,anonymous,EN,1,Chrome,62.0.3202.94,Windows NT 10.0,1920x1200,1,149.318,149.318,151.085,1,Everquest 2,1.469,1.469,10.85,1,Nerin,1.158,1.158,13.396,1,Jahoon,3,2.491,12.444,13.682,2,Dad,1,,5,3.948,14.796,15.769,3,4,2,7,2,6,2.871,26.91,27.951,7,4,4,2,7,2,6.235,27.123,27.896,6,1,1,7,1,5,7.23,20.517,23.307,5,7,3,5,7,2,3.889,17.584,18.376,5,6,1,7,1,6,4.223,17.663,18.725,5,4,4,2,7,2,5.142,14.854,15.724,5,7,1,6,1,7,1,9.53,27.697,28.51,6,7,1,6,1,7,1,18.544,323.145,324.375,7,6,1,6,3,6,2,3.205,50.516,51.292,8,5,2,5,2,7,1,5.486,41.119,41.899,6,7,1,6,1,7,1,9.217,34.833,35.759,6,7,1,7,1,7,1,2.895,20.67,21.868,7,3,1,5,1,6,4.122,19.25,20.202,7,6,6,5,7,5,5.699,18.666,19.484,5,3,1,5,1,6,14.28,29.336,30.271,6,4,6,4,7,4,7.409,21.874,23.576,5,7,5,5,5,7,4.221,32.772,46.907,7,"3,18,2",,3,1,2,,,,,6,6,7,7,7,4,6,The interaction between people from all walks of life and around the world can be mind blowing at times.  The amount of friends I've made online over the years through playing video games is fairly impressive.,39.533,74.805,174.657,8,4,5,10.094,16.454,17.281,2,2,5,2,6,4,6.196,27.036,27.783,7,5,4,6,2,2,2.706,15.858,16.522,5,6,1,6,7,6,3.844,19.188,20.214,5,4,2,4,4,6,6.695,27.527,28.498,5,1967,3,1,1,3,,1.372,11.108,13.742,5,1,13676657
12/3/2017 12:35,12/3/2017 12:42,0,107.145.113.42,100,387,1,12/3/2017 12:42,R_1oihshFKgEOEm1E,,,,,28.2118988,-80.75830078,anonymous,EN,1,Chrome,62.0.3202.94,Windows NT 10.0,1920x1080,1,1.077,1.077,7.13,1,League of Legends,1.327,1.327,13.595,1,Mydnyght,1.015,1.015,3.764,1,InfiniteChanges,3,1.368,8.821,9.429,2,Jack,1,,4,4.368,13.258,13.835,3,7,5,5,2,7,1.743,5.967,6.457,5,3,3,5,5,1,1.72,7.369,7.619,6,7,5,5,1,7,2.501,5.967,6.498,5,5,5,5,5,1,1.237,3.627,4.099,5,7,4,7,1,7,2.239,7.21,7.69,6,5,5,3,7,1,1.872,5.263,5.804,5,2,2,6,1,6,2,1.866,11.112,11.629,7,6,2,5,1,6,1,2.371,15.177,15.695,7,7,1,7,1,7,1,3.981,12.639,13.239,6,7,3,7,1,7,1,6.683,18.039,18.469,6,7,1,7,1,7,1,3.792,15.126,15.958,7,7,1,7,1,7,1,2.072,7.462,7.977,6,5,2,5,2,6,2.268,7.476,8.056,6,5,5,2,5,2,1.565,5.253,5.862,5,5,3,5,1,7,1.827,6.623,7.302,5,5,5,3,5,3,2.692,6.606,6.875,6,7,6,6,6,7,2.322,13.905,14.9,5,"3,18,20",,,1,2,,3,,,6,6,7,5,6,3,6,It is a fun past time that lets me do something with other people while being comfortable at the same time.,23.583,32.829,49.554,8,4,4,2.63,3.538,4.114,2,3,3,5,3,6,2.153,7.537,7.913,6,6,3,5,4,1,1.692,5.814,6.286,5,4,3,5,6,5,3.627,18.436,18.983,5,4,4,4,6,4,1.818,6.798,7.275,8,1983,5,1,1,6,,0.62,7.66,9.218,5,0,3878798
12/3/2017 12:41,12/3/2017 12:49,0,96.250.62.179,100,507,1,12/3/2017 12:49,R_10YJABeD9Cesh6w,,,,,40.58329773,-73.9240036,anonymous,EN,1,Chrome,62.0.3202.94,Windows NT 6.1,1920x1080,1,39.413,39.413,41.374,1,League of Legends,3.133,3.133,19.402,1,Saturnis,1.223,1.223,5.635,1,Anteiku,5,5.584,18.968,69.806,2,Alex,2,,5,1.4,9.59,14.256,3,6,2,6,2,7,1.206,4.556,5.19,6,2,7,1,6,2,1.048,4.976,5.92,7,7,2,7,1,7,1.102,3.874,4.414,5,2,6,1,7,3,1.051,3.979,4.736,5,7,1,7,1,7,1.121,4.987,5.716,5,2,7,1,7,2,1.09,4.283,5.351,5,6,2,6,2,6,2,1.089,7.733,8.402,8,7,1,6,2,7,2,1.798,7.326,8.172,6,6,2,6,2,6,2,2.682,13.571,14.309,11,6,2,6,2,6,2,5.858,13.293,14.018,7,6,2,6,1,7,1,1.901,8.963,10.401,8,6,2,6,2,7,2,1.417,10.567,11.537,6,6,2,6,2,6,1.374,3.949,4.732,5,2,6,2,6,2,1.328,5.101,6.022,6,6,2,6,2,7,3.436,6.941,7.54,6,2,6,2,6,2,1.151,5.145,6.094,5,7,6,5,6,5,2.225,14.503,18.686,6,"3,19,1",3,,1,,2,,,,7,7,7,7,6,6,7,"Hand to eye coordination
Story telling
Motor skills development
Critical thinking
Quick analysis
Development of friends
Close community
Having a fun time ",13.331,63.908,93.022,10,4,4,2.901,10.15,10.956,4,6,2,5,2,7,2.456,5.855,6.912,5,3,6,2,3,2,1.555,5.496,7.043,5,6,2,6,6,7,1.467,6.462,8.097,5,6,2,6,7,6,2.248,18.37,19.421,6,1993,5,4,1,8,,1.381,9.732,11.135,5,0,5078443
12/3/2017 12:29,12/3/2017 12:52,0,73.194.199.39,100,1383,1,12/3/2017 12:52,R_YWCi3c4SwmzqDlf,,,,,39.76460266,-74.28780365,anonymous,EN,1,Chrome,62.0.3202.94,Windows NT 10.0,1920x1080,1,771.036,771.036,777.828,1,World of Warcraft,1.296,1.296,7.525,1,kingpin,2.471,2.471,13.268,1,rocore,4,3.392,14.176,16.726,2,John,3,,4,2.888,12.112,13.493,3,3,2,7,2,6,2.307,6.941,7.816,5,3,5,1,7,2,2.428,6.947,7.713,5,3,2,6,2,5,2.381,8.917,9.938,6,5,5,1,6,5,1.99,6.341,7.235,5,5,2,7,1,6,2.738,7.922,8.855,5,3,5,1,7,3,3.803,9.323,10.287,5,7,2,5,1,7,1,6.466,16.506,17.655,6,7,1,5,2,7,2,3.245,12.206,13.316,6,6,3,6,1,7,2,6.061,16.373,18.042,6,6,3,2,2,6,2,3.957,14.557,16.482,6,6,2,6,1,7,1,5.069,15.149,16.538,6,6,2,1,2,6,1,5.638,46.791,48.044,6,5,3,6,2,6,3.101,9.557,10.86,5,2,5,2,5,3,3.67,8.374,9.418,5,3,2,6,2,5,76.988,82.124,83.513,5,3,5,2,6,3,1.56,6.048,6.909,5,7,6,3,6,5,2.172,16.324,19.721,5,"3,18,1",3,,1,2,,,,,5,5,7,6,6,5,6,It's a good outlet for me and serves as a stress reducer. It lets me forget about my day and get lost in a game world.,29.684,45.252,82.874,8,3,5,9.703,12.119,13.635,2,3,2,3,5,2,2.888,9.216,10.029,5,2,3,5,3,5,4.298,9.114,9.782,5,6,2,6,7,6,1.79,12.462,13.739,6,6,2,6,7,5,2.297,15.297,17.734,5,1972,3,1,1,4,no problems,1.147,10.035,14.137,6,0,13836975
12/3/2017 12:39,12/3/2017 12:56,0,136.60.164.65,100,1032,1,12/3/2017 12:56,R_31jysIXmt7FGWTn,,,,,40.75979614,-111.8626022,anonymous,EN,1,Chrome,62.0.3202.94,Windows NT 10.0,1280x720,1,23.511,23.511,30.123,1,world of warcraft,4.175,4.175,16.693,1,seamusyams,3.461,3.461,15.968,1,big al,3,7.084,37.8,39.395,3,don,2,,4,6.29,26.491,28.569,3,3,5,7,5,5,7.903,18.815,21.234,5,4,4,2,3,2,7.218,22.53,25.116,6,4,3,7,4,7,4.015,14.4,16.245,5,4,6,2,3,1,5.356,14.541,16.522,5,6,2,7,2,7,2.829,14.544,16.337,6,3,6,2,5,1,4.273,18.324,19.898,5,6,5,6,2,7,2,12.012,33.656,35.105,8,5,3,6,2,7,2,5.952,22.989,24.336,6,4,6,5,2,6,3,8.345,38.106,40.537,8,5,6,6,2,6,3,7.879,37.551,38.871,9,7,2,6,1,7,1,10.873,31.624,33.799,6,7,1,6,1,7,1,3.342,17.958,19.597,6,6,5,6,4,7,6.217,15.821,17.087,5,3,4,5,3,3,8.811,24.201,26.935,6,4,3,6,2,6,8.321,19.587,23.232,5,3,5,4,5,4,6.484,21.219,23.369,5,7,2,2,3,4,2.488,36.61,41.697,5,"3,21,18",,,1,3,,,2,,4,5,6,6,7,3,7,"Cheaper than going out. brain stimulation, make friends, waste time, relax.",44.766,83.082,123.062,9,2,2,9.788,16.736,19.213,3,2,2,2,2,2,5.045,17.353,23.919,5,6,4,1,2,3,6.553,17.928,19.471,5,5,6,4,5,4,7.662,30.615,31.96,6,6,2,6,6,6,4.53,28.631,31.687,6,1969,6,1,1,6,,2.416,18.35,25.402,5,1,10326735
12/3/2017 13:33,12/3/2017 13:41,0,108.185.91.92,100,472,1,12/3/2017 13:41,R_1fjtkV1Ei4j4wwk,,,,,33.9230957,-118.1396027,anonymous,EN,1,Chrome,62.0.3202.94,Windows NT 10.0,1920x1080,1,0.81,0.81,1.811,1,World of Warcraft,2.275,2.275,6.164,1,Jebusbeam,1.055,1.055,4.932,1,Halfaman,3,0.797,15.892,16.727,8,Johnny,2,,4,0.981,11.35,11.995,3,7,2,6,3,6,1.31,7.047,7.913,9,5,7,2,6,1,1.208,5.995,6.657,8,5,1,7,2,6,1.837,8.539,8.962,9,5,6,2,7,2,1.977,9.865,10.446,8,6,1,6,1,7,2.993,8.844,9.433,8,4,6,1,7,1,1.376,8.371,8.856,10,6,3,3,2,5,2,1.518,14.515,15.146,10,6,2,5,2,6,5,2.049,13.068,13.948,13,5,6,3,6,5,2,8.266,22.838,23.411,12,5,6,3,6,4,5,2.05,13.529,13.733,8,6,6,3,5,6,3,3.917,16.798,17.274,10,6,2,7,2,6,1,1.976,14.283,15.066,16,3,1,7,2,6,9.363,17.256,17.715,11,3,7,5,6,5,2.778,9.096,9.69,9,6,1,4,2,6,1.197,7.306,7.758,10,1,7,5,6,3,1.239,9.629,9.871,15,7,3,1,3,4,1.754,24.055,25.03,8,"3,2,19",,2,1,,3,,,,6,6,7,5,2,4,7,Seeing the results of your teamwork and hard work pay off with boss kills and a good storyline.,28.461,42.918,63.708,15,7,6,5.605,11.164,11.964,5,2,6,6,5,5,5.882,13.298,13.971,11,5,3,5,2,2,2.424,9.604,10.162,8,5,2,6,6,5,1.724,10.999,11.712,6,3,6,2,6,3,1.776,15.507,16.147,5,1987,5,4,1,6,nothing,0.59,9.728,14.279,7,1,4729271
12/3/2017 14:23,12/3/2017 14:31,0,108.195.92.66,100,487,1,12/3/2017 14:31,R_2S1zEi8ZBU947Id,,,,,34.49159241,-82.61579895,anonymous,EN,1,Chrome,62.0.3202.94,Windows NT 6.3,1360x768,1,0.914,1.281,2.317,2,elder scrolls online,0.698,0.698,11.074,1,grape drank,0.646,0.646,7.194,1,golden ward,4,1.139,8.923,9.624,2,mark,"2,4",,5,0.77,8.21,9.035,4,5,1,7,2,6,1.088,3.6,5.318,6,5,7,1,5,2,1.627,3.915,4.521,5,6,2,5,1,6,1.076,3.147,3.687,5,6,7,2,5,3,1.246,3.982,4.341,6,7,2,5,2,5,9.953,12.481,13.034,5,1,6,2,5,1,3.068,6.3,6.92,8,5,5,6,5,7,2,1.773,4.03,6.674,6,2,6,6,6,3,1,1.171,6.4,7.289,9,5,1,5,1,6,6,2.796,6.708,9.305,9,6,5,5,7,5,2,1.107,4.643,4.881,7,6,5,5,5,7,6,1.985,5.536,8.097,6,5,6,7,5,6,2,1.088,4.04,5.039,7,6,1,7,3,5,0.953,3.392,3.918,6,6,7,2,6,2,2.16,5.121,5.418,7,6,7,3,5,7,0.96,4.728,8.069,7,2,5,1,5,1,1.39,3.43,4.043,6,7,7,7,6,6,1.886,7.231,8.012,7,"3,1,18",2,,1,3,,,,,7,7,7,7,7,7,7,funn,13.232,19.016,28.506,24,1,6,1.625,5.569,5.935,4,6,2,7,1,6,3.856,6.197,6.964,6,7,5,1,7,2,0.941,4.174,4.481,7,6,3,3,6,5,0.467,4.618,7.597,6,6,5,7,6,5,0.677,5.397,8.274,6,1989,5,1,1,5,,0.915,9.907,10.382,9,1,4879713
12/3/2017 14:26,12/3/2017 14:38,0,72.250.135.208,100,726,1,12/3/2017 14:38,R_3G3ez5sLR5971ep,,,,,46.4434967,-108.5187988,anonymous,EN,1,Chrome,62.0.3202.94,Windows NT 10.0,1536x864,1,10.058,13.206,15.666,2,ffxiv,1.586,1.586,8.905,1,kitty,4.013,4.013,10.519,1,yuki,4,8.53,12.246,13.223,2,Jim,5,husband,5,6.834,60.285,61.247,7,5,1,5,4,5,4.516,11.986,13.113,5,7,1,5,5,2,35.16,41.793,42.726,6,2,3,7,1,5,1.72,7.92,9.259,5,7,1,2,6,1,1.913,8.583,9.843,5,2,2,7,1,5,2.013,8.535,9.883,6,7,1,1,7,1,1.573,8.452,10.148,6,6,3,5,2,6,3,2.913,18.174,19.584,6,6,1,4,3,6,3,4.744,17.844,19.022,6,1,5,7,1,7,5,4.137,21.324,22.574,7,3,5,7,4,6,1,2.323,23.485,24.616,7,7,1,7,1,7,1,5.462,17.367,19.494,6,7,1,7,1,7,1,2.784,17.502,18.878,6,5,1,7,1,7,2.409,8.595,9.676,6,6,2,1,5,2,2.668,8.644,11.029,5,2,2,6,3,5,4.619,10.015,11.108,5,4,7,2,5,5,3.291,9.688,10.618,5,7,5,2,5,4,6.874,34.783,35.807,9,"3,1,2",2,3,1,,,,,,5,7,7,3,5,4,5,Being able to live out a life in another world without the constraints our society holds on us. An ability to escape from reality.,31.182,96.612,97.728,12,5,7,7.652,12.68,13.836,2,6,7,1,5,2,4.155,10.283,11.176,5,1,1,7,1,4,9.79,15.127,16.082,5,5,2,5,6,5,3.012,13.587,14.653,6,7,2,5,7,4,4.512,27.75,28.828,6,1988,5,1,2,6,none thanks for the survey,1.043,21.356,27.052,10,0,7267802
12/3/2017 14:27,12/3/2017 14:43,0,47.203.89.7,100,973,1,12/3/2017 14:43,R_cOaHOBZdcVL4ZC9,,,,,28.38189697,-82.65049744,anonymous,EN,1,Chrome,61.0.3163.100,Windows NT 10.0,1920x1080,1,16.849,16.849,18.268,1,League Of Legends,3.97,3.97,15.861,1,I miss grabs,5.103,30.37,37.558,5,Melibear,5,18.782,29.73,31.545,2,Kim,"2,5",Boyfriend,5,6.389,53.791,54.676,5,6,3,4,3,3,3.92,16.191,16.841,6,7,6,6,5,5,3.115,9.823,10.446,5,3,5,5,6,5,2.782,12.339,14.327,5,6,7,5,5,5,2.513,11.11,11.81,5,7,5,7,2,7,3.768,10.022,10.769,5,5,7,2,7,1,3.249,8.943,9.694,5,4,4,6,4,6,5,2.324,20.209,21.542,6,7,2,6,2,6,7,4.41,25.783,26.502,6,5,5,6,2,6,3,5.243,28.678,29.332,7,6,4,6,3,6,5,3.281,49.671,50.848,7,7,2,7,1,7,2,5.202,21.537,22.607,7,7,2,7,1,7,5,3.189,22.566,23.469,6,5,6,7,3,6,5.047,20.68,21.639,5,4,3,5,5,2,5.659,18.651,19.743,5,3,5,6,1,6,7.672,17.086,18.133,6,5,5,4,7,3,4.225,14.31,15.833,5,7,7,6,7,6,3.109,53.029,55.167,5,"3,1,2",2,3,1,,,,,,6,6,6,3,6,4,7,"Meeting new people on a daily basis and enjoying my free time doing things I like, especially with my boyfriend (we play most things together).",54.266,127.086,141.919,11,2,2,14.119,25.435,27.307,3,3,4,3,2,2,17.728,29.474,30.198,5,6,3,5,4,5,5.979,17.451,18.277,5,5,2,5,5,4,2.17,13.415,14.481,5,5,2,5,5,5,5.225,30.252,31.265,6,1992,3,1,2,4,,1.589,18.509,24.295,5,0,9735481
12/3/2017 14:27,12/3/2017 14:44,0,71.214.200.137,100,1008,1,12/3/2017 14:44,R_1JXg4qiUulKEIDS,,,,,29.24609375,-81.86530304,anonymous,EN,1,Chrome,62.0.3202.94,Windows NT 10.0,1920x1080,1,5.286,5.286,8.696,1,Heroes of the Storm,14.605,14.605,20.269,1,Redwolf,3.05,3.05,11.683,1,Silvok,4,3.451,7.976,9.014,2,Rod,1,,5,30.772,39.278,39.989,3,7,5,7,6,7,66.697,75.539,76.357,5,1,3,5,1,1,60.016,68.843,70.165,5,3,1,5,1,6,16.397,24.655,25.345,5,5,7,6,5,1,3.259,9.765,10.61,5,7,1,7,1,7,3.873,11.441,12.174,5,1,7,2,7,1,3.975,11.115,12.085,5,5,7,5,5,6,7,7.075,23.476,24.194,6,7,5,6,6,5,7,2.81,16.085,16.763,6,5,5,5,5,3,7,3.159,18.29,18.96,6,6,5,5,6,5,7,2.711,19.746,20.484,6,7,1,7,1,7,1,4.279,12.735,13.63,6,7,1,7,1,7,1,3.323,11.428,12.106,6,5,3,7,1,7,2.496,9.967,10.979,5,6,7,1,7,1,2.001,10.368,11.214,5,4,1,7,1,7,3.072,8.219,8.999,5,7,7,1,7,1,2.436,7.5,8.322,5,7,7,5,7,7,2.339,12.74,13.571,5,"3,1,18",2,,1,3,,,,,6,5,7,6,5,5,7,They help to calm and relax me and they are great fun especially with friends and family.,23.136,129.679,141.919,9,7,1,148.87,153.107,154.828,2,7,7,5,7,1,4.26,9.734,10.521,5,4,1,7,1,7,2.831,9.613,10.322,5,3,3,3,6,3,2.264,13.648,14.668,5,3,5,3,6,2,2.716,24.059,24.905,5,1978,2,1,2,1,,0.833,10.333,12.633,5,1,10086152
12/3/2017 14:37,12/3/2017 14:45,0,45.50.97.158,100,491,1,12/3/2017 14:45,R_2lzmd4sd5NCuOmR,,,,,33.75450134,-117.9463959,anonymous,EN,1,Chrome,62.0.3202.94,Windows NT 10.0,2560x1440,1,1.907,6.55,7.692,3,World of Warcraft,0.803,0.803,4.417,1,Fanatik,0.852,55.339,60.842,3,Somax,4,0.958,8.665,9.185,4,Max,2,,4,1.137,20.338,20.883,4,5,2,6,2,7,3.976,13.164,13.866,6,2,4,4,6,4,2.573,9.869,11.585,6,2,2,4,4,5,1.625,6.452,7.028,6,6,4,4,4,6,2.126,7.061,7.486,6,6,1,7,1,7,2.081,8.049,8.486,6,2,7,2,7,3,2.706,8.725,9.952,9,6,2,4,2,4,3,3.004,16.29,16.966,15,6,2,6,2,6,2,1.79,10.474,11.582,11,4,5,4,4,3,5,1.617,18.15,18.893,15,2,4,2,4,3,6,3.882,12.872,13.588,15,7,1,7,1,7,1,1.844,9.417,10.022,6,7,1,7,1,7,1,2.883,10.35,11.038,6,6,1,6,1,6,1.373,6.859,7.366,8,2,6,1,6,4,1.856,7.37,7.946,8,4,2,5,2,4,1.896,7.463,7.87,8,4,4,2,6,4,1.871,7.174,7.672,5,7,6,6,6,6,1.837,14.803,15.403,7,"3,19,1",3,,1,,2,,,,7,7,7,7,7,6,7,It is something I can preoccupy my mind with. I genuinely enjoy coming back to a video game and letting my mind wander aimlessly.,23.754,69.813,70.512,18,4,6,3.908,14.351,16.894,7,3,4,4,4,4,1.352,8.535,8.988,8,5,3,5,4,5,2.374,7.098,7.522,5,5,5,5,7,5,3.129,11.668,16.666,7,6,2,6,7,6,1.975,14.171,15.243,6,1994,5,4,1,5,,0.435,7.34,9.66,9,1,4917968
12/3/2017 17:54,12/3/2017 18:06,0,104.156.115.18,100,741,1,12/3/2017 18:06,R_SBubUeRaVwQx9UR,,,,,37.48789978,-82.49559784,anonymous,EN,1,Chrome,62.0.3202.94,Windows NT 6.1,1920x1080,1,5.05,14.862,18.208,3,World of Warcraft,1.26,1.26,6.317,1,Micronuts,0.83,2.333,13.251,2,Peanutbutter,3,10.604,20.791,21.299,5,Senpei,1,,4,3.18,16.679,17.895,6,5,3,3,3,6,1.084,7.987,8.274,8,3,5,3,6,4,1.377,7.869,8.304,6,2,2,5,2,2,1.239,9.521,9.801,7,5,5,2,6,5,2.879,12.811,13.517,6,3,3,4,3,3,1.086,2.845,3.925,5,5,5,6,3,5,0.519,3.66,4.524,6,5,3,5,5,4,4,0.557,5.412,6.186,8,5,4,4,3,6,2,1.52,11.019,12.266,13,4,5,5,4,5,5,0.62,15.831,16.493,7,3,3,3,2,4,3,1.39,10.246,13.199,10,5,6,6,5,6,6,5.339,8.712,10.738,6,5,3,3,3,5,4,0.686,3.641,4.848,7,5,3,5,5,6,3.106,8.483,9.246,6,3,5,4,6,3,0.734,11.745,12.862,9,3,3,5,3,5,1.071,8.149,8.651,8,5,6,2,5,3,1.905,10.748,11.297,5,7,6,3,6,5,1.435,20.799,21.928,9,"3,20,2",,3,1,,,2,,,6,5,3,5,5,3,5,"I most like playing online games where it's fun to invest time. Also, the online factor allows comparing characters and profiles with other players.",0.766,37.11,69.529,19,5,6,129.465,136.493,141.958,3,2,5,3,5,3,2.358,10.532,11.352,6,6,3,4,5,4,2.749,10.158,10.918,5,6,2,6,7,6,1.584,21.166,21.465,8,5,4,5,5,5,2.091,12.86,13.917,9,1987,3,1,1,1,,0.796,123.825,125.062,7,0,7416173
12/3/2017 18:10,12/3/2017 18:22,0,75.106.100.245,100,733,1,12/3/2017 18:22,R_1LAyeemtOTOnzGA,,,,,42.46420288,-90.56150055,anonymous,EN,1,Chrome,62.0.3202.94,Windows NT 10.0,1366x768,1,4.066,4.066,6.449,1,TeRA,1.344,1.344,6.14,1,DarkRyuu,2.456,2.701,8.045,2,Inukie,4,1.842,9.009,12.655,3,Kelsey,1,,5,1.635,15.381,16.417,6,2,1,7,1,7,0.931,6.361,7.453,6,4,4,1,6,1,2.133,7.328,7.945,5,1,1,6,2,7,1.445,5.997,6.695,5,6,4,1,6,1,1.963,6.203,6.839,5,6,1,7,1,7,1.569,5.148,5.817,5,4,2,1,7,1,1.777,8.953,9.563,9,7,1,4,1,7,1,3.974,12.746,15.77,6,6,1,4,1,7,1,1.01,16.622,17.607,10,2,7,4,4,6,5,1.104,14.775,15.889,10,1,7,5,2,5,6,2.517,12.134,12.637,7,7,1,7,1,7,1,1.123,11.226,11.73,8,7,1,7,1,7,1,2.297,9.23,10.59,6,5,2,5,1,7,1.887,7.276,8.687,6,3,4,3,3,1,2.223,7.927,9.102,5,5,2,5,3,6,1.946,7.975,8.644,6,2,5,6,3,2,2.116,9.24,9.756,7,7,7,7,7,7,1.936,9.407,10.373,8,"19,3,1",3,,2,,1,,,,7,7,7,6,7,5,3,"It gives me both something to do and something to think about that makes my day worth living through. I hate working, I dislike most people, etc. I would rather do the things that I want to do, rather than work and stress all day, every day about things that I can't do a thing about.",26.349,141.27,143.587,17,4,4,31.968,37.466,41.609,3,4,1,1,1,2,2.133,6.532,7.502,6,4,4,5,4,5,1.859,6.199,6.787,6,2,1,3,7,4,2.361,10.024,11.055,8,3,1,3,6,4,12.983,28.715,29.479,11,1985,5,1,3,1,"It was ok, but you should pay more for the time and the effort that this takes to complete. Also, I'd say that 'most people' think of gamers as being children and not growing up, as people tend to be assholes about things they do not like.",1.389,15.403,57.691,9,1,7338425
12/3/2017 18:22,12/3/2017 18:31,0,73.231.79.179,100,552,1,12/3/2017 18:31,R_W2wIirGqa0PAwyl,,,,,37.80439758,-122.2707977,anonymous,EN,1,Chrome,63.0.3239.70,Windows NT 10.0,1920x1080,1,2.148,2.148,6.347,1,World of Warcraft,1.422,1.422,9.205,1,Swann,1.585,1.585,9.126,1,Diggler,3,1.597,8.877,10.02,4,Ronnie,2,,5,1.594,13.618,15.279,4,4,5,6,5,5,1.827,13.659,14.425,6,5,4,2,4,6,4.746,12.234,12.952,6,1,6,5,7,1,2.766,8.198,8.909,8,7,4,2,3,7,1.375,15.687,16.358,7,7,1,7,1,7,2.499,7.019,7.737,6,2,7,1,7,1,1.627,13.531,13.922,7,6,2,5,1,5,3,4.193,20.057,25.055,8,6,3,5,2,6,4,2.783,20.815,21.574,8,2,7,7,1,2,6,1.969,19.513,20.205,9,1,7,7,2,2,7,2.09,19.986,20.751,11,7,1,7,1,7,1,2.836,11.46,12.283,6,7,1,7,1,7,1,3.843,14.675,15.523,12,5,3,3,2,6,2.302,9.861,10.964,7,2,4,5,4,2,2.817,12.801,13.558,11,6,3,3,4,7,2.08,12.423,13.069,8,1,3,6,4,2,2.269,12.509,13.115,6,7,6,5,6,4,2.113,20.801,22.287,8,"3,1,2",2,3,1,,,,,,6,5,7,5,5,3,6,Being able to immerse myself in different worlds and experience impossible things through these games,15.574,61.39,62.579,12,6,7,4.585,8.513,10.798,3,1,7,1,7,1,2.139,9.107,10.282,6,6,1,7,1,5,21.95,37.83,38.835,6,6,2,6,7,7,2.019,12.355,12.785,8,5,3,5,5,5,3.383,16.575,17.333,8,1980,2,1,1,2,,0.791,11.006,11.877,9,0,5525680
12/3/2017 18:33,12/3/2017 18:42,0,134.196.45.118,100,560,1,12/3/2017 18:42,R_RxJCDPcwexKJ3mF,,,,,13.85830688,100.468811,anonymous,EN,1,Chrome,62.0.3202.94,Windows NT 10.0,1920x1080,1,1.566,1.566,4.946,1,World of Warcraft,2.132,2.132,15.323,1,mighty,2.142,2.142,6.715,1,vaaz,4,0,0,11.089,0,ryan,1,,5,0,0,10.839,0,7,5,7,1,7,0,0,5.917,0,3,1,3,3,1,0,0,10.114,0,5,3,6,2,6,0,0,10.067,0,3,5,1,6,3,0,0,11.692,0,7,3,7,1,7,0,0,5.699,0,3,5,1,5,1,0,0,9.652,0,6,1,6,1,7,1,0,0,17.448,0,6,5,6,1,7,1,17.034,22.973,30.998,3,7,1,7,1,5,3,0,0,17.672,0,5,2,5,1,6,3,0,0,17.186,0,5,5,7,1,7,1,9.797,9.797,20.482,1,7,1,7,1,7,1,0,0,11.555,0,3,7,6,5,7,0,0,10.577,0,5,1,1,5,1,0,0,11.569,0,5,5,6,1,7,0,0,9.164,0,3,3,3,5,1,0,0,12.549,0,7,5,3,5,4,0,0,16.748,0,"3,18,21",,,1,2,,,3,,5,7,7,1,7,5,6,"They are a cheap source of entertainment, especially MMOs that can be a massive time sink. 

They allow me to stay connected with family and friends.

",89.634,101.17,133.965,5,5,2,0,0,9.103,0,1,5,2,6,7,0,0,10.688,0,6,3,6,1,3,0,0,12.058,0,6,1,7,7,7,0,0,13.773,0,6,1,6,7,6,0,0,23.286,0,1988,2,1,1,7,,0,0,10.706,0,0,5609948
12/3/2017 18:41,12/3/2017 19:12,0,74.74.76.148,100,1898,1,12/3/2017 19:12,R_PwIJno7xyhyuEvL,,,,,42.30560303,-77.63150024,anonymous,EN,1,Firefox,59,Windows NT 10.0,1920x1080,1,1.165,1.165,6.894,1,World of Warcraft,1.184,1.184,11.34,1,Sasukeslayer,1.481,6.617,8.897,2,Strykr,4,1.349,7.221,8.311,2,Ed,2,,4,2.135,10.384,11.25,4,6,3,7,2,5,1.563,4.364,5.877,6,6,7,2,5,3,1.858,5.159,6.567,5,3,1,6,2,5,2.073,7.966,8.412,6,7,3,1,6,5,1.763,6.121,6.614,5,5,2,4,1,6,1.65,5.571,6.017,5,5,4,1,7,4,4.588,9.191,9.775,5,5,1,6,2,7,2,2.295,14.354,1361.282,10,7,2,5,2,6,1,2.637,11.502,12.177,8,5,2,7,2,6,1,25.895,34.279,35.163,6,6,1,7,1,5,2,2.52,10.97,11.488,7,7,3,5,1,7,1,32.943,42.169,43.03,7,7,1,6,2,7,1,1.519,9.952,10.698,8,6,4,5,2,6,1.569,6.335,8.124,5,2,2,2,4,4,5.763,10.91,11.307,6,6,1,6,2,4,1.405,7.773,8.1,6,1,2,2,4,5,1.851,7.201,8.142,5,7,7,7,5,5,1.629,11.441,11.99,11,"3,1,2",2,3,1,,,,,,6,7,5,4,6,3,6,"Having fun, meeting different kinds of people",12.139,51.244,61.089,11,5,4,4.174,7.828,8.785,2,1,3,2,6,2,1.261,5.492,6.044,5,6,2,7,3,4,1.608,5.803,6.271,5,5,1,7,7,6,2.253,10.485,10.937,7,5,1,7,7,6,1.35,7.242,9.673,5,1992,4,1,1,6,,4.248,9.334,9.68,5,1,18986967
12/3/2017 20:01,12/3/2017 20:12,0,184.101.168.187,100,691,1,12/3/2017 20:12,R_28SW3CsQbjd363M,,,,,33.5381012,-112.1850967,anonymous,EN,1,Chrome,62.0.3202.94,Windows NT 10.0,1920x1080,1,7.425,7.425,8.727,1,Elder Scrolls Online,2.105,8.077,9.131,2,Sithik,2.74,6.434,8.447,2,Petey,4,3.591,8.434,10.018,3,Jon,2,,5,4.812,12.972,14.339,4,6,4,6,2,5,5.022,14.234,15.077,5,5,5,2,6,6,3.199,10.784,12.083,5,2,6,5,5,4,3.529,15.897,17.754,5,6,5,3,3,6,6.756,17.352,18.559,5,6,2,6,2,6,4.237,11.594,13.776,5,6,6,1,7,2,3.839,13.776,16.06,5,7,5,5,5,7,1,5.956,21.73,22.775,6,7,3,6,4,6,6,4.609,25.475,26.374,8,5,6,2,6,2,6,4.726,21.586,22.814,6,3,7,6,6,5,6,3.264,25.255,26.313,7,6,1,6,1,6,1,5.652,23.589,24.496,6,7,1,6,1,7,1,3.01,14.326,15.535,6,6,5,6,5,6,3.613,9.675,12.01,5,2,5,2,6,6,3.533,10.78,12.106,5,6,5,6,2,6,3.713,13.711,14.833,5,3,5,3,6,5,3.147,10.551,14.349,5,7,7,7,7,7,2.031,17.261,18.715,5,"3,1,20",2,,1,,,3,,,5,6,7,6,7,3,6,I enjoy the escapism the most and I also feel like a competent and a more confident person inside the game. Gaming is what I do and what I am good at.,26.552,84.681,117.661,11,2,6,18.216,21.106,23.37,2,1,6,1,6,2,3.736,11.879,14.454,5,7,2,7,1,3,4.418,15.4,16.487,6,7,2,7,7,7,2.167,13.575,15.988,5,5,5,5,6,5,2.514,22.411,23.136,8,1985,2,1,1,4,,1.389,10.979,13.879,6,1,6918823
12/3/2017 20:03,12/3/2017 20:14,0,73.35.37.79,100,635,1,12/3/2017 20:14,R_3EYhGE4cxPP3dB0,,,,,30.27929688,-81.58509827,anonymous,EN,1,Chrome,62.0.3202.94,Windows NT 6.3,1366x768,1,2.054,3.067,5.36,2,Smite,5.788,23.855,26.46,10,Wopp,2.766,2.766,8.858,1,Wilton,5,6.395,13.572,14.533,3,Charles,4,,2,4.135,17.173,18.681,6,6,5,4,7,6,2.433,7.534,8.454,7,6,2,1,3,1,1.352,14.211,15.167,9,6,5,3,6,6,4.992,12.641,13.245,7,6,4,2,7,6,1.768,8.514,9.786,7,6,2,1,1,7,4.73,10.672,12.192,5,7,7,1,7,1,2.045,6.877,8.833,5,5,1,1,1,7,1,2.145,16.977,17.725,10,5,4,6,6,4,6,1.784,7.614,8.506,7,6,6,2,7,5,6,3.877,19.029,19.763,11,7,6,7,7,5,7,3.045,8.316,9.244,7,2,1,1,1,1,1,7.602,16.546,17.683,7,7,7,7,1,7,1,50.59,59.274,60.451,9,6,7,7,5,7,1.86,8.679,9.363,7,4,6,2,5,5,1.895,12.028,12.924,6,6,5,5,6,4,2.955,11.423,12.403,8,2,5,4,3,6,1.712,10.426,11.875,6,5,6,6,5,5,4.045,27.305,28.481,9,"1,18,20",1,,,2,,3,,,7,7,6,2,5,5,7,In today's game I liked the option of playing online and as a group with people around the world and family and friends.,17.037,74.24,75.565,13,7,4,7.122,9.352,10.361,2,2,4,2,5,6,3.829,10.636,12.122,5,4,4,6,5,6,2.949,9.283,10.355,5,6,1,5,7,5,3.078,19.062,19.898,11,6,2,7,7,5,5.156,39.705,40.677,9,1994,3,2,1,3,,1.601,18.486,19.614,9,0,6357523
12/3/2017 20:10,12/3/2017 20:18,0,108.194.200.239,100,473,1,12/3/2017 20:18,R_XyTkO3ipii6LXQR,,,,,29.54960632,-90.58879852,anonymous,EN,1,Chrome,62.0.3202.94,Windows NT 10.0,1600x900,1,1.88,3.325,4.346,2,World of Warcraft,5.236,14.556,18.579,3,ashmack89,1.89,1.89,13.168,1,darkninja23,4,4.035,32.295,33.161,4,John,2,,5,1.505,16.962,17.654,4,7,1,7,1,7,2.624,7.477,8.412,5,1,7,1,7,1,2.033,5.488,6.389,5,1,1,7,5,6,3.596,8.973,9.454,5,7,7,1,7,1,2.704,6.342,7.193,6,7,1,7,1,7,8.113,12.748,13.605,5,1,7,1,7,1,2.429,7.64,8.379,7,1,1,7,1,7,1,3.969,16.306,17.724,6,7,1,7,1,7,1,2.403,11.13,12.052,6,7,1,7,1,7,1,4.431,12.684,14.154,6,7,1,7,1,7,1,3.327,12.95,13.466,7,7,1,6,1,7,1,7.915,37.607,38.817,7,7,1,7,1,7,2,3.82,13.119,14.556,6,7,1,7,1,7,3.458,7.959,8.759,5,2,5,1,7,1,1.627,7.382,8.198,5,5,1,7,1,5,1.701,7.904,8.91,5,6,7,1,5,1,1.572,8.535,9.045,7,7,7,6,7,6,2.089,17.031,17.925,9,"3,1,18",2,,1,3,,,,,7,7,7,7,7,7,7,Getting to be someone else and getting away from all the stresses of real life.,10.526,19.461,36.395,13,7,7,2.981,4.448,5.675,3,1,5,4,7,3,4.795,10.794,11.546,5,7,3,7,4,5,9.029,16.175,16.777,7,6,7,6,6,6,2.384,14.49,15.575,6,7,7,7,7,7,1.212,6.729,7.36,10,1985,2,1,2,5,,1.132,11.406,13.035,10,1,4737780
12/3/2017 20:07,12/3/2017 20:21,0,72.189.106.155,100,829,1,12/3/2017 20:21,R_3PweghMB2Upwskx,,,,,28.49130249,-81.40969849,anonymous,EN,1,Firefox,38.9,Windows NT 6.1,1600x900,1,5.489,5.489,7.558,1,World of Warcraft,0.888,0.888,8.378,1,NScherer,0.71,0.71,7.217,1,Adun88,3,1.612,7.057,8.415,4,Rob,2,,4,1.322,9.384,10.39,5,6,3,3,2,7,1.817,9.95,10.79,6,2,5,2,5,3,1.796,8.129,8.962,5,5,2,5,3,6,5.953,21.778,23.082,7,2,6,2,5,2,8.184,19.743,20.582,6,5,2,5,3,6,3.342,10.807,11.289,6,2,5,2,6,3,2.39,19.904,20.92,8,6,3,5,3,6,5,20.531,77.754,79.1,10,5,5,6,2,5,4,2.137,21.719,22.88,10,3,3,5,2,6,2,7.322,25.286,26.556,8,5,3,5,2,5,3,4.034,20.017,20.407,9,5,1,5,2,7,3,31.644,86.326,87.058,8,6,2,6,3,7,3,17.496,44.72,45.554,7,5,3,5,3,6,9.399,13.431,14.438,5,2,5,2,6,3,7.257,13.775,14.564,6,3,4,5,2,6,3.327,9.852,10.203,8,5,4,2,6,3,2.051,6.98,7.595,6,7,5,3,5,4,7.358,23.194,24.19,6,"3,1,18",2,,1,3,,,,,6,6,6,6,6,5,6,I like that it keeps my mind feeling active. I like the interaction that I can get while on a multiplayer game as well as the feeling of accomplishment that we an get by completing parts of the games together.,18.021,75.07,80.973,16,2,2,5.186,7.99,8.561,3,2,3,2,4,3,4.406,11.324,12.077,6,5,5,6,3,2,2.765,8.748,9.106,7,5,3,5,5,6,28.149,50.122,50.869,8,5,2,3,5,5,4.16,13.008,14.037,6,1985,3,1,1,5,,4.752,12.448,18.697,4,0,8298084
12/3/2017 21:23,12/3/2017 21:32,0,66.108.168.147,100,587,1,12/3/2017 21:32,R_udWUfmS409ScAox,,,,,40.76539612,-73.81739807,anonymous,EN,1,Chrome,62.0.3202.94,Windows NT 10.0,1920x1080,1,3.916,3.916,6.882,1,World of Warcraft,3.024,3.024,8.687,1,Theundeadone,0.69,0.69,13.452,1,Shmee,3,3.574,13.67,14.18,3,Sam,2,,5,1.904,8.947,9.775,5,5,1,7,2,6,3.483,13.07,13.626,6,3,6,3,6,3,2.592,10.143,10.608,6,2,2,5,5,5,4.828,18.061,18.666,15,7,6,6,5,3,2.935,11.269,11.794,5,5,2,6,1,6,2.619,8.702,9.551,6,4,7,2,6,2,1.671,8.284,9.94,5,6,3,5,3,6,2,2.007,14.713,15.446,7,6,7,5,2,7,2,2.833,18.465,21.154,8,3,6,3,5,2,6,5.017,29.178,29.776,9,2,6,2,6,3,6,2.601,12.812,14.134,7,7,1,6,1,6,1,8.351,16.773,17.174,7,7,2,6,1,7,2,3.015,13.102,13.623,7,2,6,5,5,7,2.74,10.865,12.032,5,6,3,5,3,4,4.348,12.873,13.365,5,5,4,3,3,6,4.849,14.286,14.827,6,3,2,6,5,3,3.419,11.909,13.313,5,7,7,5,7,5,1.303,16.785,19.4,6,"3,1,19",2,,1,,3,,,,6,7,7,7,7,6,7,"The main benefits of playing video games, as I see them, are the chance to engage in escapism and the ability to choose when to play, either solo or with others, at any time and in almost any place.",19.658,42.929,126.87,10,5,5,5.135,7.985,8.593,2,2,6,2,6,5,2.557,14.409,14.909,8,4,1,7,2,3,4.516,16.378,17.763,5,5,2,5,7,5,2.881,18.403,18.952,5,5,6,5,6,5,2.9,14.893,16.078,5,1989,3,1,1,1,,0.722,11.176,13.182,9,0,5879155
12/3/2017 21:26,12/3/2017 21:38,0,98.143.0.112,100,711,1,12/3/2017 21:38,R_V2POErP5mGKkWyZ,,,,,35.42500305,-85.38300323,anonymous,EN,1,Chrome,62.0.3202.94,Windows NT 6.1,1920x1080,1,13.908,13.908,15.206,1,League of Legends,2.131,2.131,10.878,1,A Tree,3.378,10.629,12.962,2,Rangaros,2,3.607,12.276,13.025,2,Augustin,2,,3,5.366,19.012,20.139,3,6,5,4,6,5,1.815,9.737,10.925,5,1,4,4,3,2,5.091,15.92,16.854,5,4,5,4,6,4,5.947,13.213,13.811,6,4,6,3,2,1,2.95,9.235,9.902,5,4,2,5,1,4,7.644,13.5,14.24,5,4,7,1,6,1,3.782,10.905,11.679,6,5,4,4,4,5,4,3.72,20.483,21.206,6,4,2,3,4,5,5,3.692,23.865,24.489,7,3,5,4,4,3,6,3.96,20.556,21.47,7,3,6,4,5,3,6,4.717,18.911,19.616,6,5,2,7,1,7,1,3.623,17.856,18.533,8,7,1,7,1,7,1,2.021,11.69,12.298,6,4,5,5,3,5,3.45,18.256,18.891,7,4,3,2,4,2,2.393,17.305,18.119,6,3,4,4,5,5,2.809,12.029,12.78,7,5,4,4,5,2,2.613,9.591,10.255,5,7,5,5,5,4,4.426,36.746,38.423,7,"3,18,20",,,1,2,,3,,,5,6,6,3,4,4,5,"Honestly, I just like playing a game that at least one friend is interested in, because it gives us easily-accessible common ground for conversation.
But also because the occasional solid, story-driven game gives me something to think about and distracts me from general crap for a good while, every now and then.",37.265,56.617,128.783,9,3,5,11.374,16.796,17.798,2,1,7,1,5,2,3.335,10.035,11.251,5,4,2,7,1,6,2.407,10.806,11.527,5,2,6,2,5,1,2.514,32.545,33.49,6,4,4,5,6,5,2.787,22.762,23.668,5,1992,2,1,1,2,,1.237,16.673,20.649,5,1,7119096
12/3/2017 21:23,12/3/2017 21:39,0,75.133.60.118,100,920,1,12/3/2017 21:39,R_3EsdpRquBWbFtxe,,,,,42.56019592,-85.8585968,anonymous,EN,1,Chrome,62.0.3202.94,Windows NT 10.0,1920x1080,1,16.856,16.856,18.038,1,Final Fantasy:XIV Stormblood,5.392,5.392,25.707,1,Saffron,1.933,1.933,9.665,1,Redshirt,4,10.522,30.604,32.283,3,Richard,1,,5,5.216,42.624,43.583,10,7,5,7,7,7,9.783,19.527,20.262,5,4,6,1,6,4,13.891,31.113,31.84,8,4,1,7,3,6,5.949,18.531,19.435,6,5,7,1,6,5,4.966,16.541,17.366,5,4,1,7,1,5,5.476,14.339,15.358,5,3,7,1,7,3,11.056,22.586,23.373,5,7,1,6,1,5,1,8.884,27.227,28.078,7,7,1,7,1,6,1,4.856,24.055,25.238,6,5,2,7,2,6,2,6.344,31.207,32.518,6,5,1,7,1,7,1,6.235,20.101,20.957,6,6,1,6,1,6,1,4.723,17.009,17.835,6,5,1,7,1,7,1,4.793,19.793,20.441,6,5,1,4,3,6,4.174,18.271,19.183,5,3,6,2,5,2,8.925,24.437,25.302,8,2,1,7,5,6,14.043,24.684,25.58,5,6,4,3,4,4,8.605,21.75,22.692,5,6,6,3,5,5,4.349,34.504,35.839,7,"20,3,1",3,,2,,,1,,,6,6,6,4,5,5,7,"The comradery of slaying a shared enemy is a great task to enjoy with others, I find it relaxing. There are a lot of belly laughs.",37.603,56.442,140.037,8,2,6,9.493,22.335,23.385,4,2,6,2,4,4,5.786,19.34,20.08,5,6,2,5,4,4,4.713,14.951,15.948,6,5,3,5,7,6,4.502,17.214,18.466,5,5,2,5,7,5,8.696,34.092,35.269,5,1961,5,1,2,6,,1.432,18.346,23.541,5,1,9207907
12/3/2017 21:40,12/3/2017 21:46,0,108.5.246.7,100,354,1,12/3/2017 21:46,R_3PFdaTcwJCOSwWX,,,,,40.94670105,-73.99299622,anonymous,EN,1,Chrome,62.0.3202.94,Windows NT 10.0,1920x1080,1,1.068,1.287,4.449,2,World of Warcraft,0.988,0.988,4.536,1,Semtex,1.148,1.148,4.325,1,Xanthos,4,1.252,4.157,6.001,2,Ken,2,,5,0.757,4.259,4.725,3,7,4,7,1,7,1.273,6.56,7.572,6,1,3,1,7,1,1.005,6.182,6.412,6,7,1,7,1,5,1.327,5.142,5.944,7,1,7,1,7,2,1.13,4.603,5.217,6,7,1,7,1,7,1.305,5.468,6.092,7,1,7,1,7,1,0.844,4.641,5.543,5,6,1,6,1,7,1,2.759,13.236,14.188,8,7,1,7,1,7,1,3.035,12.25,13.402,7,4,4,7,1,7,1,3.262,13.316,14.606,7,4,1,7,1,7,1,0.933,9.149,10.47,8,7,2,7,1,7,1,3.349,12.989,13.547,6,7,1,7,1,7,1,1.353,7.015,8.374,6,4,1,7,2,4,2.002,6.514,7.666,7,1,4,1,6,1,2.71,6.239,6.626,6,6,2,6,4,4,1.561,7.619,7.833,8,1,6,1,6,1,1.315,4.948,6.394,6,7,7,6,7,5,1.21,9.23,10.906,5,"3,18,20",,,1,2,,3,,,6,5,7,4,6,4,7,"It's just a good way to kill time.  I've made some good friends through videogames, people I have been talking to for years and years.  I think that it helps with social things as well to be engaged in an MMORPG - you get used to talking and relying on people if you don't have those lifeskills.  I think all in all, it's no better or worse than a lot of other similar things (reading, watching TV, etc.) It's markedly better than doing drugs, or things like that as well.",12.533,19.959,70.849,8,4,2,1.921,7.049,7.29,6,1,4,1,7,4,1.003,5.213,5.638,6,6,1,7,2,1,1.492,6.055,6.325,6,4,2,4,7,4,1.847,8.467,8.986,5,7,1,7,7,7,1.375,10.343,10.839,6,1986,2,1,1,8,,0.547,7.057,10.886,5,0,3546196
12/3/2017 21:32,12/3/2017 21:52,0,68.40.226.103,100,1200,1,12/3/2017 21:52,R_2VQKpxeujYqNkEB,,,,,42.37550354,-83.07720184,anonymous,EN,1,Chrome,62.0.3202.94,Windows NT 6.1,1280x1024,1,12.015,12.015,16.424,1,warcraft,4.094,4.094,18.389,1,destroyer1234,3.96,3.96,19.686,1,keith2011,5,8.275,38.595,40.475,2,Keith,2,,5,9.981,28.261,29.283,3,7,4,5,3,7,3.93,13.77,15.895,5,2,4,1,5,1,4.474,20.937,111.642,6,7,1,6,1,7,1.737,7.786,9.516,5,2,7,3,6,2,3.367,11.462,12.83,5,7,1,7,1,7,3.03,8.015,9.662,5,1,7,1,7,1,2.912,8.445,9.758,5,6,3,6,2,7,1,12.137,29.048,29.843,8,7,1,7,1,7,1,5.313,16.992,17.946,6,7,2,7,1,7,1,5.256,34.369,36.284,6,6,2,7,1,7,1,3.091,24.306,25.441,6,7,1,7,1,7,1,3.902,19.655,20.649,6,7,1,7,1,7,1,4.488,15.974,17.537,6,7,2,6,5,7,7.353,18.617,20.128,5,1,7,4,5,1,4.477,18.581,19.644,6,7,1,6,3,7,5.704,16.473,20.68,6,2,7,4,6,1,2.689,12.032,13.4,6,7,7,7,7,7,3.276,28.837,31.244,5,"3,1,18",2,,1,3,,,,,7,7,6,6,7,6,7,I'd say entertainment. ,137.605,160.428,178.613,9,6,6,13.917,22.109,23.464,2,7,5,3,5,7,3.031,10.551,14.736,5,1,4,5,3,1,3.267,16.244,18.474,6,7,1,7,7,7,3.031,29.992,34.024,8,7,1,7,7,7,2.916,13.315,15.196,5,1993,5,1,1,6,Great study.,1.538,21.746,32.934,6,0,12005994
12/3/2017 21:41,12/3/2017 21:58,0,24.126.128.242,100,1009,1,12/3/2017 21:58,R_2BxnqQ2NJngiLNE,,,,,33.9828949,-84.32420349,anonymous,EN,1,Chrome,62.0.3202.94,Windows NT 6.1,1536x864,1,4.001,4.001,5.552,1,Defense of the Ancients,19.591,19.591,21.265,1,Gaucho,1.136,1.136,10.105,1,Brasuca,4,3.178,41.907,42.509,2,Lark,2,,4,5.065,23.101,23.772,4,4,7,4,3,6,4.571,8.907,10.038,7,1,4,4,4,2,0.574,8.7,10.31,11,6,2,6,2,6,2.277,10.267,10.937,9,2,6,2,6,2,1.493,4.757,6.209,5,7,1,7,1,6,52.958,65.527,66.529,13,1,6,1,6,1,2.656,6.961,9.398,6,6,6,5,5,6,5,1.584,5.151,78.898,10,6,6,5,5,5,6,1.509,5.179,31.698,8,7,4,5,6,5,5,1.602,8.012,8.995,8,5,5,6,6,6,5,0.768,5.726,29.047,7,7,6,6,6,6,5,0.691,2.982,11.65,6,5,6,6,6,5,3,0.68,7.822,11.545,8,5,5,4,5,6,1.765,6.158,6.946,7,5,5,5,6,3,0.82,3.253,4.255,7,5,2,6,2,6,0.833,4.985,6.425,5,6,6,2,5,5,2.329,7.858,10.05,8,7,6,4,5,7,2.568,15.856,16.603,6,"2,1,3",2,1,3,,,,,,6,5,7,5,6,5,7,It relaxes me and stimulate my mind,14.083,23.525,38.595,9,4,3,3.099,4.843,6.106,3,3,5,4,5,4,2.024,4.711,5.408,7,5,2,3,3,2,2.864,9.279,16.674,8,6,6,6,6,6,1.528,5.704,6.826,7,6,2,6,6,6,2.283,9.397,9.939,7,1984,5,1,1,7,,1.048,11.472,13.244,5,1,10097256
12/3/2017 22:07,12/3/2017 22:22,0,96.38.102.184,100,931,1,12/3/2017 22:22,R_1ozsuupiIc93Ipq,,,,,35.96060181,-83.92070007,anonymous,EN,1,Chrome,62.0.3202.94,Windows NT 10.0,2195x1235,1,3.325,3.325,7.856,1,League of Legends ,1.433,1.433,6.449,1,RustyShackleford,0.92,0.92,16.582,1,Harlequin,3,0.892,52.489,54.705,5,Nick,2,,5,0.932,11.923,12.504,3,3,2,7,5,3,1.802,7.407,7.982,6,5,2,1,6,2,2.007,8.122,8.675,6,3,1,6,3,6,2.414,7.27,8.604,6,5,6,2,6,2,1.88,5.54,6.075,5,5,1,7,1,7,3.113,6.263,6.787,5,5,7,1,7,1,2.895,6.546,7.175,5,6,1,6,1,3,5,2.675,13.48,14.002,9,6,3,6,1,3,5,79.167,89.9,90.56,7,5,2,2,2,6,3,6.18,19.522,20.193,7,6,3,6,2,6,2,5.317,13.408,13.942,7,5,5,6,1,6,6,101.031,134.307,134.873,7,6,3,6,2,6,7,1.593,8.301,8.968,6,5,1,7,2,6,1.763,6.183,6.718,5,2,6,2,6,2,14.904,30.457,31.187,5,2,1,7,1,7,2.316,7.433,8.059,6,2,5,1,6,1,2.617,8.398,9.205,7,7,5,5,5,6,1.74,31.024,31.737,5,"3,1,20",2,,1,,,3,,,6,3,3,5,6,3,7,Its a great time killer which I guess could also be a negative. With all games pretty much being mulitplayer now its great for keeping in touch with friends you might not get to see often. ,29.887,97.28,152.472,11,1,4,2.664,6.148,7.192,3,1,2,5,5,3,6.132,11.415,11.938,5,6,2,2,3,5,60.418,75.865,76.745,5,5,2,5,6,5,2.298,13.853,14.536,5,7,1,7,7,7,3.614,17.104,17.801,6,1986,4,1,1,4,,13.636,24.236,25.08,6,1,9316829
12/3/2017 22:55,12/3/2017 22:59,0,71.75.178.70,100,281,1,12/3/2017 22:59,R_242FcGzKC8IkGCX,,,,,35.33999634,-80.21080017,anonymous,EN,1,Chrome,58.0.3029.110,Windows NT 6.1,1280x1024,1,1.155,1.155,1.972,1,Neverwinter,0.968,1.919,12.549,2,Tasselhoff,1.055,1.055,6.356,1,Biffu,4,0.807,15.264,16.086,2,Justin,"2,4",,4,0.874,10.226,10.824,6,7,5,5,3,5,2.97,4.794,6.468,7,5,4,4,4,3,0.429,1.605,2.56,6,2,3,4,4,3,0.479,1.735,2.621,6,4,3,5,4,4,0.324,2.403,3.108,7,7,1,7,1,7,1.094,4.493,5.127,6,7,7,1,7,1,1.414,4.788,5.091,8,4,5,4,4,3,5,0.757,2.351,3.522,6,5,4,4,3,6,4,0.551,2.056,3.044,6,5,5,6,3,3,5,0.511,2.477,3.383,7,5,6,4,5,5,4,0.36,2.864,3.487,7,5,4,5,5,3,5,0.527,3.216,3.607,9,6,6,6,1,7,1,0.366,9.311,10.054,21,5,5,6,3,5,1.288,3.479,4.497,7,6,6,3,6,5,0.606,6.685,8.092,11,5,5,6,3,6,2.124,5.668,6.371,7,5,3,4,5,5,0.547,3.746,4.506,7,7,6,5,6,5,1.29,8.889,9.716,6,"3,2,1",3,2,1,,,,,,5,6,6,6,6,3,3,You can learn from video games if you pay attention. ,15.299,24.025,44.169,9,6,3,1.189,1.677,2.364,2,2,7,1,6,2,0.642,4.835,5.475,9,2,3,7,3,2,1.131,4.226,4.9,7,5,3,6,5,3,1.468,4.7,6.13,5,5,4,3,5,5,1.796,4.427,5.033,7,1986,4,1,1,4,,0.93,7.232,8.825,5,0,2818864
12/3/2017 23:55,12/4/2017 0:05,0,107.12.66.148,100,569,1,12/4/2017 0:05,R_12AsarETsuyffPR,,,,,34.22050476,-77.87020111,anonymous,EN,1,Firefox,57,Windows NT 10.0,1366x768,1,2.101,2.101,3.17,1,World of Warcraft,9.028,9.246,13.574,2,Goldenhero,1.209,1.209,13.096,1,Fire,4,1.899,40.147,40.866,3,Tommy,2,,3,7.912,13.85,14.785,3,5,4,6,2,6,12.801,21.86,22.349,11,2,4,2,4,2,2.463,6.141,7.532,6,2,3,5,6,5,1.566,5.58,5.997,5,6,6,1,4,1,1.549,5.095,5.755,6,5,2,6,1,7,1.695,8.911,9.243,8,5,6,1,6,1,2.929,6.583,7.023,5,6,2,6,2,7,2,4.002,12.764,14.321,7,6,2,6,2,6,2,1.96,7.573,8.047,6,5,4,6,2,6,3,44.157,67.185,67.772,9,6,2,6,2,6,2,2.468,7.538,8.29,7,7,1,7,1,7,1,2.038,5.921,6.47,6,7,1,7,1,7,1,1.991,7.122,7.558,9,6,4,6,2,6,1.686,5.497,6.229,7,2,4,4,5,2,14.304,31.417,32.962,6,6,2,5,4,5,2.497,5.302,6.448,5,4,6,3,5,4,2.112,17.018,17.727,7,7,5,5,5,5,1.795,15.679,16.375,8,"1,3,2",1,3,2,,,,,,5,7,7,6,6,4,6,"1. It's relaxing

2. It's engaging

3. Good way to socialize",40.852,66.434,79.518,10,6,6,38.559,50.755,51.32,3,2,4,2,4,3,2.433,4.761,5.445,5,6,3,5,4,4,1.412,4.288,4.793,5,6,2,6,5,6,2,8.943,9.642,6,5,3,5,5,5,1.039,7.338,8.035,7,1992,3,1,2,4,,2.933,12.069,13.755,4,0,5696827
12/3/2017 23:55,12/4/2017 0:05,0,97.99.96.180,100,592,1,12/4/2017 0:05,R_1CyifYURkyLeGsQ,,,,,32.99879456,-96.78309631,anonymous,EN,1,Firefox,57,Windows NT 10.0,1536x864,1,3.602,11.962,14.055,15,Dota 2,1.356,1.356,5.876,1,ZanteTsukeN,1.341,10.222,11.306,3,Ted Mosby,4,1.883,11.276,12.95,6,Minh,"2,3,4",,4,3.75,15.537,16.165,5,4,6,4,6,6,4.836,15.621,16.343,8,4,3,5,3,3,3.238,13.046,14.274,5,4,2,4,4,4,2.623,12.128,12.826,8,5,6,4,6,5,1.656,10.609,11.348,6,5,2,6,2,5,4.648,13.937,14.653,6,5,6,2,6,3,1.943,11.448,12.258,11,6,3,2,4,4,6,9.046,35.329,38.633,15,5,6,4,2,5,6,2.406,23.528,24.174,16,7,5,7,2,6,2,1.898,17.339,18.572,11,5,5,6,2,6,3,0.833,20.803,22.914,14,6,2,6,6,6,2,1.683,8.538,9.314,8,6,2,6,2,6,2,1.72,9.433,10.077,7,6,3,5,4,6,5.604,15.79,16.172,7,3,5,6,3,4,5.664,14.241,15.993,6,7,3,6,2,7,1.684,9.06,10.342,6,2,6,3,6,3,3.617,13.194,14.48,7,7,7,6,7,6,3.032,19.905,21.669,11,"3,1,20",2,,1,,,3,,,5,5,7,4,7,4,4,Having fun in a different world,21.89,47.829,66.31,20,6,6,1.662,15.175,16.564,8,2,6,2,6,5,1.996,19.461,20.195,14,4,2,6,2,3,1.857,11.506,12.648,6,6,3,6,7,6,2.06,16.271,17.334,13,6,2,6,6,5,2.455,17.984,18.762,12,1991,6,4,1,5,,5.104,11.249,12.266,5,1,5928115
12/4/2017 8:31,12/4/2017 8:44,0,174.109.165.194,100,777,1,12/4/2017 8:44,R_1eRWOfN0pncjZDr,,,,,35.54460144,-78.8309021,anonymous,EN,1,Chrome,62.0.3202.94,Macintosh,1440x900,1,192.225,192.225,193.423,1,World of Warcraft,6.191,6.191,14.276,1,Karma,8.037,8.037,12.092,1,Mastershoes,3,9.947,22.347,23.126,2,Anthony,1,,5,5.004,36.287,36.992,3,7,1,6,1,7,16.154,20.756,21.279,5,3,7,1,6,2,1.656,7.24,7.993,5,6,1,6,3,4,12.62,19.009,19.711,5,5,7,1,5,2,4.106,12.31,12.934,5,6,1,6,1,7,3.301,24.881,25.759,7,5,7,1,7,1,1.766,9.294,10.192,5,7,1,6,1,7,1,3.602,13.71,14.389,7,6,1,5,1,6,1,2.764,11.831,12.707,6,6,2,7,1,6,1,3.756,15.489,16.1,6,6,3,7,1,6,1,2.506,14.299,14.89,6,7,1,7,1,7,1,2.892,13.826,14.671,6,7,1,7,1,7,1,2.617,8.102,8.881,6,7,3,2,2,6,1.879,6.779,7.396,5,5,6,2,6,2,1.688,8.122,8.793,5,3,2,4,6,2,2.848,9.461,10.105,5,5,6,3,3,2,3.384,10.876,11.564,5,7,7,5,5,5,2.395,13.972,15.339,6,"3,18,20",,,1,2,,3,,,5,6,7,7,7,6,6,"Its a fun past time, I get social interaction as well as entertainment",34.555,48.814,91.097,8,6,7,4.554,5.988,7.505,2,2,2,5,3,5,3.445,10.029,10.663,5,5,5,5,2,6,1.708,12.511,13.062,7,6,5,5,7,5,8.128,24.117,24.91,6,5,5,6,7,5,1.391,9.33,10.456,6,1971,2,1,2,8,,1.363,13.447,15.509,5,0,7778120
12/4/2017 8:41,12/4/2017 8:48,0,138.128.246.166,100,394,1,12/4/2017 8:48,R_Aumeae4lWNQmMBX,,,,,40.73910522,-73.98259735,anonymous,EN,1,Chrome,62.0.3202.94,Windows NT 6.3,1364x768,1,2.894,2.894,3.783,1,Hickey,1.458,14.194,19.711,2,Yalo,1.43,13.784,15.245,4,Gamis,2,1.218,14.831,15.823,2,Gamic,2,,4,1.273,7.729,14.157,3,5,5,3,2,2,1.912,4.929,7.788,7,7,4,5,6,6,8.38,9.96,12.838,5,5,5,6,3,4,2.092,4.395,5.176,5,7,6,5,4,4,0.855,3.199,4.329,6,5,4,3,3,3,1.087,4.374,5.469,8,3,2,3,5,4,43.133,44.988,62.139,5,3,4,4,5,3,5,2.065,4.218,4.904,7,6,6,5,6,5,7,1.074,2.714,4.405,8,5,4,1,3,2,4,3.915,6.277,7.708,7,5,5,7,5,6,5,4.467,6.444,8.683,7,4,3,3,5,4,4,1.191,4.812,5.89,8,6,5,5,6,7,5,0.999,3.607,5.158,9,4,2,1,3,4,1.96,3.132,4.278,5,6,5,5,6,6,1.352,2.729,3.854,5,6,7,5,4,5,2.005,3.589,4.614,6,3,4,3,3,2,1.09,2.392,3.878,6,6,5,4,3,4,0.766,5.166,5.909,5,"18,20,2",,3,,1,,2,,,6,4,6,4,4,6,5,Slightly Enjoy,3.534,38.91,40.016,12,7,4,1.171,1.841,4.047,2,4,3,6,6,3,1.03,4.038,4.961,6,5,6,4,6,4,0.835,2.93,4.952,7,5,3,2,4,4,0.912,12.421,17.51,5,5,3,2,3,3,0.861,5.358,6.12,5,1990,5,1,1,2,Good job,2.289,18.711,23.569,7,1,3945358
12/4/2017 8:54,12/4/2017 9:01,0,73.209.64.113,100,419,1,12/4/2017 9:01,R_3JgcVX4XPF2Fjla,,,,,41.55050659,-87.50260162,anonymous,EN,1,Chrome,64.0.3282.5,Windows NT 10.0,1920x1080,1,3.668,3.668,5.177,1,DOTA 2,1.175,17.999,20.388,2,ratmonkey2000,1.151,1.151,7.211,1,maddawg,4,5.909,12.381,13.513,2,Nick,2,,2,1.46,19.172,19.922,3,5,4,6,2,6,3.903,7.847,8.988,6,4,4,3,5,3,2.188,7.107,8.272,8,3,5,6,2,6,2.16,9.304,9.741,6,5,5,2,5,3,1.245,4.943,5.315,6,4,4,5,2,5,9.127,14.112,14.764,7,4,4,4,5,4,1.835,8.73,9.472,8,5,5,5,3,5,3,2.215,14.495,15.852,8,5,3,4,3,5,3,1.869,10.885,11.53,8,5,3,5,3,5,3,3.11,15.182,17.387,9,5,4,5,3,5,3,3.041,14.953,16.429,11,3,3,5,3,5,3,4.816,17.928,18.692,12,5,3,5,3,5,3,1.683,8.188,8.687,8,3,5,6,2,6,1.755,7.064,7.709,9,4,5,3,5,3,2.692,6.605,7.682,9,4,4,4,4,4,2.411,3.758,4.376,6,4,4,4,4,4,0.659,1.883,2.741,5,7,6,6,6,7,1.984,12.377,13.302,9,"3,20,18",,,1,3,,2,,,5,5,6,4,5,3,7,Just taking my mind off of stuff and enjoying myself.,16.006,29.022,41.283,10,4,4,5.641,6.401,7.63,2,4,4,4,4,4,2.396,3.652,4.24,5,4,4,4,4,4,0.644,2.174,2.632,5,4,4,4,4,4,0.601,2.466,5.679,5,4,3,4,7,4,3.947,16.259,17.889,8,1983,2,1,1,4,Thanks,0.992,9.208,10.663,6,0,4195663
12/4/2017 9:07,12/4/2017 9:16,0,189.61.118.7,100,579,1,12/4/2017 9:16,R_a9MxWLHGakjwzaV,,,,,-15.78329468,-47.91670227,anonymous,EN,1,Firefox,57,Windows NT 6.1,1366x768,1,15.5,17.589,21.715,2,League of Legends,2.996,19.337,23.529,2,hentaiprincess,1.116,1.116,7.21,1,lunaveemon,3,0.934,10.409,12.647,3,Aline,2,,4,1.131,53.971,56.369,9,5,2,5,2,6,1.616,14.263,14.963,7,3,6,2,6,2,3.193,11.32,12.435,5,2,2,4,2,6,2.12,7.358,8.428,7,6,5,3,5,2,1.664,6.144,7.041,7,2,2,5,2,6,4.479,9.07,10.396,5,6,6,2,6,2,1.909,6.53,7.577,7,6,2,6,2,6,2,4.296,17.038,17.9,8,6,2,6,2,6,2,3.814,14.6,15.543,10,6,2,6,2,6,2,2.262,13.605,14.387,11,6,2,6,2,6,2,3.422,8.791,13.011,9,6,2,6,2,6,2,3.16,11.809,14.279,8,6,2,6,2,6,2,1.857,7.375,8.305,8,2,2,6,2,5,2.824,7.695,8.914,6,5,6,2,7,3,1.618,9.468,10.226,8,2,1,6,3,6,1.459,9.145,9.984,6,6,6,1,6,3,1.548,8.478,9.111,6,7,2,3,2,3,4.586,17.325,18.129,6,"3,1,2",2,3,1,,,,,,6,7,7,6,6,5,6,"It helps you release emotions, escape the monotony of your daily life, go on adventures you might not have the money for, and socialize with people all over the world.",20.467,34.699,69.33,9,5,7,3.849,6.42,7.378,3,2,6,2,5,4,3.096,9.852,10.602,6,5,2,6,3,2,2.02,8.321,9.467,5,2,2,2,6,3,2.189,12.176,14.073,6,6,2,6,6,4,2.177,14.348,15.129,7,1991,3,1,1,3,,1.056,8.098,10.768,5,1,5799198
12/4/2017 9:44,12/4/2017 9:53,0,73.104.49.24,100,542,1,12/4/2017 9:53,R_2CNxOTuJuh2QGdd,,,,,32.03030396,-81.16439819,anonymous,EN,1,Chrome,62.0.3202.94,Windows NT 6.3,1920x1080,1,6.877,6.877,15.433,1,League of Legends,2.718,2.718,10.774,1,Asea,3.6,3.6,11.805,1,Zlop,4,7.07,13.486,14.339,2,Jojo,2,,5,7.897,32.12,32.965,6,7,1,6,1,6,2.035,20.419,21.065,5,4,7,1,7,1,1.998,5.261,6.099,5,7,1,7,1,6,2.643,5.803,6.504,5,4,7,1,7,1,3.363,8.25,9.433,5,7,1,7,1,7,3.547,10.731,11.288,7,2,7,1,7,1,1.294,7.325,10.619,5,7,1,7,1,7,1,4.866,19.457,20.448,10,7,1,7,1,7,1,5.304,17.655,18.412,6,7,1,7,1,7,1,1.602,10.625,11.271,7,7,1,7,1,7,1,1.367,9.527,10.596,8,7,1,7,1,7,1,1.13,11.555,12.464,7,7,1,7,1,7,1,1.089,6.991,7.62,6,6,5,6,1,5,2.425,18.989,19.458,9,3,7,1,6,1,1.417,14.602,15.064,7,5,5,7,3,5,3.98,15.684,16.218,7,3,7,1,6,1,2.651,13.433,14.121,6,7,7,6,7,7,2.576,21.592,22.597,7,"3,1,18",2,,1,3,,,,,7,7,7,7,6,6,7,The joy of immersing myself in the story of a new character.,26.313,47.153,62.343,8,7,7,11.072,14.169,17.077,2,2,4,2,1,2,3.464,11.903,12.798,5,5,6,2,5,2,4.993,13.803,14.648,5,5,1,5,7,5,3.263,19.295,20.114,5,5,5,5,5,5,2.189,7.646,11.57,5,1991,4,2,1,4,,1.958,10.758,13.683,5,1,5428102
